Callsign,Weight
Aardvark,1
Aardwolf,1
Abacus,1
Abaddon,1
Abductor,1
Aberration,1
Able,1
Abnormal,1
Abomination,1
About Face,1
Abraxas,1
Abs,1
Abscess,1
Absence,1
Absinthe,1
Absolute,1
Absolute Zero,1
Abstract,1
Absurd,1
Abyss,1
Academic,1
Accelerator,1
Accomplice,1
Accountant,1
Ace,1
Achilles,1
Acid,1
Acid Rain,1
Acme,1
Acne,1
Acolyte,1
Acorn,1
Acrobat,1
Acronym,1
Active,1
Activist,1
Actual,1
Actuary,1
Actuator,1
Ad Hoc,1
Adagio,1
Adarna,1
Adder,1
Addict,1
Admirable,1
Admiral,1
Adonis,1
Adrenaline,1
Adventure,1
Aegis,1
Aeneas,1
Aerial,1
Aerie,1
Aero,1
Aether,1
Aethon,1
Afro,1
Afterburner,1
Afterglow,1
Afterimage,1
Aftermath,1
Aftershave,1
Aftershock,1
Agate,1
Ageless,1
Agent,1
Aggie,1
Aggro,1
Agile,1
Agony,1
Agrat,1
Ahab,1
Ahuizotl,1
Aikido,1
Aimbot,1
Aimless,1
Aioli,1
Air Drop,1
Air Mail,1
Air Raid,1
Airbag,1
Airborne,1
Airbrush,1
Airburst,1
Airfang,1
Airfoil,1
Airhorn,1
Airlift,1
Airstrike,1
Airtight,1
Airwave,1
Ajax,1
Alabaster,1
Aladdin,1
Alarm Clock,1
Albatross,1
Albino,1
Albion,1
Alchemist,1
Alchemy,1
Alexander,1
Algorithm,1
Alias,1
Alibi,1
Alien,1
Alimony,1
All Day,1
All In,1
All Star,1
All Thumbs,1
Allegiance,1
Allegro,1
Allergy,1
Alleycat,1
Alligator,1
Alloy,1
Ally,1
Alpaca,1
Alpha,1
Alpha Strike,1
Alphabet,1
Alphabet Soup,1
Alpine,1
Altar,1
Alter,1
Alter Ego,1
Alternator,1
Amarok,1
Amaterasu,1
Amazing,1
Amazon,1
Amazonian,1
Ambassador,1
Amber,1
Amberglow,1
Ambiance,1
Ambrosia,1
Ambush,1
Ame-no-Ohabari,1
Amen,1
Amethyst,1
Ammo,1
Ammut,1
Amnesty,1
Amok,1
Amore,1
Amphibian,1
Amphitrite,1
Amulet,1
Anaconda,1
Analog,1
Anansi,1
Anarchy,1
Anastasia,1
Anchor,1
Anchor Shot,1
Ancient,1
Android,1
Andromeda,1
Anecdote,1
Anemone,1
Angel,1
Anger,1
Angora,1
Angry,1
Angst,1
Angus,1
Animal,1
Ankh,1
Announcer,1
Anomaly,1
Ant,1
Antares,1
Anteater,1
Antelope,1
Anthem,1
Anticipation,1
Antidote,1
Antique,1
Antler,1
Antsy,1
Anubis,1
Anvil,1
Apache,1
Ape,1
Apex,1
Apex Jackal,1
Aphelion,1
Aphrodite,1
Apocalypse,1
Apogee,1
Apollo,1
Apostate,1
Apostle,1
Apparition,1
Apple,1
Apple Pie,1
Applejack,1
Applesauce,1
Apprentice,1
Apricot,1
April,1
Aqua,1
Aquamarine,1
Aquarium,1
Aquarius,1
Arachne,1
Aramis,1
Arbalest,1
Arbiter,1
Arcade,1
Arcadia,1
Arcana,1
Arcane,1
Arcanum,1
Archer,1
Archimedes,1
Architect,1
Archive,1
Archon,1
Arclight,1
Arctic,1
Arcturus,1
Ardent,1
Ares,1
Argent,1
Argo,1
Argonaut,1
Argus,1
Argyle,1
Aria,1
Ariel,1
Aries,1
Aristocrat,1
Aristotle,1
Ark,1
Arknight,1
Armada,1
Armadillo,1
Armageddon,1
Armature,1
Armbar,1
Armor,1
Armor Bear,1
Armorclad,1
Armory,1
Armpit,1
Arms,1
Army,1
Aroma,1
Array,1
Arrow,1
Arrowhead,1
Arsenal,1
Arson,1
Artemis,1
Artifact,1
Artist,1
Ascent,1
Ascetic,1
Ascot,1
Asgard,1
Ash,1
Ashen,1
Ashfall,1
Ashtray,1
Asi,1
Askew,1
Aspen,1
Asphalt,1
Assassin,1
Assault,1
Assist,1
Asteroid,1
Astral,1
Astro,1
Astroturf,1
Aswang,1
Asylum,1
Atalanta,1
Athena,1
Athens,1
Athlete,1
Athos,1
Atlantis,1
Atlas,1
Atom,1
Atomic,1
Attila,1
Attitude,1
Auction,1
Auger,1
Augur,1
Auntie,1
Aura,1
Aurora,1
Austin,1
Auto,1
Autocannon,1
Autumn,1
Avalanche,1
Avalon,1
Avast,1
Avatar,1
Avenger,1
Avenging Angel,1
Aviator,1
Avocado,1
Avril,1
Awakening,1
Award,1
Awe,1
AWOL,1
Axe,1
Axekick,1
Axel,1
Axeman,1
Axiom,1
Axle,1
Axon,1
Azeban,1
Azrael,1
Azure,1
B-Boy,1
Babble,1
Babe,1
Babel,1
Baboon,1
Babs,1
Baby,1
Bacchus,1
Back Alley,1
Backdraft,1
Backfire,1
Backfist,1
Backflip,1
Backlash,1
Backseat Driver,1
Backspin,1
Backstab,1
Backstage,1
Backstop,1
Backstreet,1
Backtrack,1
Backup,1
Bacon,1
Baconator,1
Bad Luck,1
Badge,1
Badger,1
Badminton,1
Bae,1
Bagel,1
Bagman,1
Bagpipe,1
Bailiff,1
Bailout,1
Baja,1
Baker,1
Baklava,1
Balance,1
Balancer,1
Bald,1
Balderdash,1
Baldy,1
Balisong,1
Ballad,1
Ballast,1
Baller,1
Ballerina,1
Ballista,1
Ballistic,1
Balloon,1
Ballroom,1
Balm,1
Bam Bam,1
Bambi,1
Bamboo,1
Banana,1
Bananas,1
Band,1
Band-Aid,1
Bandana,1
Bandit,1
Bando,1
Bandsaw,1
Bandwagon,1
Bandwidth,1
Bane,1
Bang,1
Bangles,1
Banhammer,1
Banjo,1
Bank,1
Banker,1
Bankrupt,1
Banquet,1
Banshee,1
Bantam,1
Banter,1
Banzai,1
Barb,1
Barbarian,1
Barbecue,1
Barbell,1
Barber,1
Barbican,1
Barbie,1
Bard,1
Bardiche,1
Bare Foot,1
Bareknuckle,1
Barf,1
Bark,1
Barkeep,1
Barley,1
Barn,1
Barn Owl,1
Barnacle,1
Barnet,1
Barnyard,1
Baron,1
Barracuda,1
Barrage,1
Barrel,1
Barreleye,1
Barren,1
Barricade,1
Barrier,1
Barrister,1
Barter,1
Basalt,1
Basement,1
Basher,1
Bashful,1
Basil,1
Basilisk,1
Basin,1
Basketcase,1
Bass,1
Bass Cannon,1
Bassline,1
Bassoon,1
Bast,1
Bastille,1
Bastion,1
Bat,1
Batangas,1
Batfish,1
Bathtime,1
Bathtub,1
Baton,1
Battalion,1
Battery,1
Battleborn,1
Battleclad,1
Battlecry,1
Battleline,1
BattleMek,1
Batty,1
Bayard,1
Bayonet,1
Bayot,1
Bayou,1
Bazaar,1
Bazooka,1
BBQ,1
Beach,1
Beachball,1
Beachfront,1
Beachhead,1
Beacon,1
Beagle,1
Beak,1
Beaker,1
Beans,1
Bear,1
Bear Trap,1
Beard,1
Beast,1
Beat,1
Beatbox,1
Beatdown,1
Beautiful,1
Beauty,1
Beaver,1
Bedhead,1
Bedlam,1
Bedrock,1
Bee Sting,1
Beef,1
Beefcake,1
Beefeater,1
Beehive,1
Beer,1
Beer Run,1
Beethoven,1
Beetle,1
Beetlejuice,1
Beetroot,1
Begone,1
Behemoth,1
Beholder,1
Beige,1
Belch,1
Belfry,1
Believer,1
Bell,1
Belladonna,1
Belle,1
Bellerophon,1
Bellhop,1
Bellows,1
Belly Flop,1
Beloved,1
Belt,1
Bench Press,1
Bender,1
Bengal,1
Beowulf,1
Berry,1
Berserk,1
Berserker,1
Beta,1
Betsy,1
Beyond,1
Bicep,1
Bickers,1
Bicycle,1
Bidet,1
Bifrost,1
Big Al,1
Big Bad,1
Big Bang,1
Big Ben,1
Big Bird,1
Big Boy,1
Big Brain,1
Big Country,1
Big Dog,1
Big Gulp,1
Big League,1
Big Mac,1
Big McLargeHuge,1
Big Money,1
Big Nasty,1
Big Nose,1
Big Rig,1
Big Shot,1
Big Sleep,1
Big Texas,1
Big Ticket,1
Big Time,1
Big Top,1
Bigfoot,1
Biggie,1
Bigwig,1
Bijou,1
Biker,1
Bile,1
Bilge,1
Billboard,1
Binary,1
Binder,1
Bindle,1
Bingo,1
Binoculars,1
Biohazard,1
Birch,1
Bird,1
Birdbrain,1
Birdhand,1
Birdie,1
Birdstrike,1
Birdwatcher,1
Birdy,1
Birthday Cake,1
Biscotti,1
Biscuit,1
Biscuit Bandit,1
Bishop,1
Bison,1
Bit,1
Bite Me,1
Bittersweet,1
Bizarre,1
Bjorn,1
Black,1
Black Cat,1
Black Hole,1
Black Knight,1
Black Magic,1
Black Powder,1
Black Sheep,1
Black Swan,1
Black Widow,1
Blackbeard,1
Blackberry,1
Blackbird,1
Blackboard,1
Blackdog,1
Blackflame,1
Blackhole,1
Blackjack,1
Blacklist,1
Blackout,1
Blacksmith,1
Blackthorn,1
Blackwater,1
Blade,1
Bladestorm,1
Blameless,1
Blank,1
Blargh,1
Blaster,1
Blazar,1
Blaze,1
Blazer,1
Bleak,1
Bleeding Heart,1
Bleep,1
Blender,1
Blessed,1
Blight,1
Blimp,1
Blind,1
Blindside,1
Blindspot,1
Bling,1
Blink,1
Blip,1
Blipper,1
Bliss,1
Blister,1
Blitz,1
Blitzkrieg,1
Blizzard,1
Bloat,1
Blob,1
Blobfish,1
Blockade,1
Blocker,1
Blockhead,1
Blond,1
Blondie,1
Blood,1
Blood Bank,1
Blood Moon,1
Bloodfang,1
Bloodhound,1
Bloodlust,1
Bloodname,1
Bloodrider,1
Bloodshed,1
Bloodstain,1
Bloodstone,1
Bloodwing,1
Bloom,1
Blossom,1
Blot,1
Blowdry,1
Blowfish,1
Blowfly,1
Blowpipe,1
Blowtorch,1
Blubber,1
Bludgeon,1
Blue,1
Blue Collar,1
Blue-On-Blue,1
Bluebell,1
Blueberry,1
Bluebird,1
Blueblood,1
Bluegrass,1
Bluejay,1
Blueprint,1
Bluff,1
Blunder,1
Blunderbuss,1
Blur,1
Blush,1
Bo Peep,1
Boa,1
Boar,1
Board,1
Boarstrike,1
Boatman,1
Bobbin,1
Bobcat,1
Bobsled,1
Bobtail,1
Bodhi,1
Bodkin,1
Body Bag,1
Body Count,1
Bofu,1
Bog,1
Bogey,1
Boggart,1
Bogus,1
Boilerplate,1
Boiling Point,1
Bold,1
Bolero,1
Bollard,1
Bolo,1
Bolt,1
Bomb,1
Bomber,1
Bombshell,1
Bonanza,1
Bond,1
Bone,1
Bone Marrow,1
Bonebreaker,1
Bonecrusher,1
Bonehead,1
Boneless,1
Bones,1
Bonesaw,1
Boneyard,1
Bonfire,1
Bongo Drums,1
Bonnet,1
Bonnie,1
Bonsai,1
Bonus,1
Boo,1
Boo-Boo,1
Booger,1
Boogers,1
Boogeyman,1
Boogie,1
Book,1
Booker,1
Bookie,1
Bookmark,1
Bookworm,1
Boom Boom,1
Boombox,1
Boomer,1
Boomerang,1
Boomslang,1
Boomstick,1
Boomtube,1
Boondoggle,1
Boop,1
Boost,1
Booster,1
Boot,1
Bootcamp,1
Bootleg,1
Booty,1
Border,1
Borealis,1
Boss,1
Bossanova,1
Bossman,1
Botanical,1
Bottle,1
Bottlecap,1
Bottleneck,1
Boudica,1
Boulder,1
Boulevard,1
Bouncer,1
Bounty,1
Bouquet,1
Bowler,1
Bowline,1
Bowling Ball,1
Bowtie,1
Boxcar,1
Boxer,1
Boysenberry,1
Bozo,1
Braggart,1
Braid,1
Braille,1
Brain,1
Brain Freeze,1
Brainiac,1
Brains,1
Brainstorm,1
Brainwash,1
Brainy,1
Brakes,1
Bramble,1
Brandy,1
Branth,1
Brass,1
Brat,1
Bratwurst,1
Bravado,1
Brave,1
Braveheart,1
Bravery,1
Bravo,1
Brawl,1
Brawler,1
Brawny,1
Brazen,1
Breadbox,1
Breakdance,1
Breakdown,1
Breaker,1
Breakfall,1
Breakfast,1
Breakneck,1
Breakwater,1
Breath Mint,1
Breeze,1
Brew,1
Brewer,1
Briar,1
Bric-A-Brac,1
Brick,1
Brick House,1
Brickwall,1
Brickyard,1
Brig,1
Brigand,1
Bright,1
Brilliance,1
Brim,1
Brimstone,1
Brine,1
Brisket,1
Bristles,1
Brittle,1
Broadside,1
Broadsword,1
Broadway,1
Brocade,1
Broccoli,1
Broiler,1
Broken Heart,1
Broker,1
Bromance,1
Bronco,1
Bronze,1
Brood,1
Broody,1
Brook,1
Broom,1
Brownie,1
Bruce,1
Bruiser,1
Brunch,1
Brush Stroke,1
Brushfire,1
Brussels Sprout,1
Brute,1
Brutus,1
Bub,1
Bubblegum,1
Bubbles,1
Bubblewrap,1
Buccaneer,1
Buck,1
Buckaroo,1
Bucket,1
Buckeye,1
Buckler,1
Buckshot,1
Buckskin,1
Buckwheat,1
Bucky,1
Bud,1
Buddha,1
Buddy,1
Buff,1
Buffalo,1
Buffoon,1
Bug,1
Bug Zapper,1
Bugbear,1
Buggy,1
Bugle,1
Bugs,1
Bugspray,1
Bugsy,1
Builder,1
Bulb,1
Bulkhead,1
Bull,1
Bull Rush,1
Bulldog,1
Bulldozer,1
Bullet,1
Bulletproof,1
Bullfrog,1
Bullion,1
Bullrush,1
Bullseye,1
Bully,1
Bulwark,1
Bum,1
Bum Rush,1
Bumble,1
Bumblebee,1
Bummer,1
Bumper,1
Bumper Sticker,1
Bunker,1
Bunny,1
Buns,1
Bunyip,1
Buoy,1
Buraq,1
Burger,1
Burglar,1
Burlap,1
Burlesque,1
Burn,1
Burner,1
Burnout,1
Burrito,1
Burro,1
Burst,1
Bus Stop,1
Bush,1
Bushel,1
Bushido,1
Bushwacker,1
Busker,1
Buster,1
Bustle,1
Busybee,1
Butane,1
Butch,1
Butcher,1
Butler,1
Butter,1
Buttercream,1
Buttercup,1
Butterfly,1
Butterscotch,1
Button,1
Buttons,1
Buzz,1
Buzz Kill,1
Buzzard,1
Buzzer,1
Buzzkill,1
Buzzsaw,1
Byte,1
C-Bill,1
Cabal,1
Cabaret,1
Cabbage,1
Cabin,1
Cable,1
Caboose,1
Cacoon,1
Cactus,1
Cadaver,1
Caddy,1
Cadence,1
Cadet,1
Caesar,1
Caffeine,1
Cage,1
Cairn,1
Cait Sidhe,1
Cajun,1
Cake,1
Caladbolg,1
Caladrius,1
Calamari,1
Calamity,1
Calculator,1
Calculus,1
Caldera,1
Caliban,1
Caliber,1
Calico,1
Caliper,1
Caller,1
Calliope,1
Callisto,1
Calm,1
Caltrop,1
Calypso,1
Camel,1
Camelot,1
Camelthorn,1
Cameo,1
Camera,1
Cameron,1
Camouflage,1
Camper,1
Campfire,1
Campside,1
Camshaft,1
Canard,1
Canary,1
Cancer,1
Candelabra,1
Candle,1
Candlelight,1
Candlestick,1
Candlewax,1
Candy,1
Candy Bar,1
Candy Cane,1
Candy Corn,1
Candyman,1
Canine,1
Canis,1
Cannibal,1
Cannon,1
Cannonball,1
Canteen,1
Canter,1
Canvas,1
Canyon,1
Cap,1
Capella,1
Caper,1
Capital,1
Capo,1
Capoeira,1
Cappuccino,1
Capricorn,1
Capstone,1
Captain,1
Capybara,1
Car Bomb,1
Caracal,1
Carafe,1
Caramel,1
Carat,1
Caravan,1
Caravel,1
Carbon,1
Carcass,1
Card Counter,1
Cardboard,1
Cardinal,1
Care Package,1
Carebear,1
Careful,1
Cargo,1
Carnage,1
Carnie,1
Carnival,1
Carnivore,1
Carousel,1
Carp,1
Carpenter,1
Carpet,1
Carrack,1
Carrion,1
Carrot,1
Carte Blanche,1
Cartel,1
Cartographer,1
Carton,1
Cartoon,1
Cartridge,1
Cartwheel,1
Carver,1
Carwash,1
Caryatid,1
Cascade,1
Casey,1
Cash,1
Cashew,1
Cashflow,1
Cashier,1
Cashmere,1
Casino,1
Casket,1
Caskmate,1
Casper,1
Cassandra,1
Cassowary,1
Cast Iron,1
Castaway,1
Caster,1
Castle,1
Cat's Eye,1
Cataclysm,1
Catacomb,1
Catalyst,1
Catamaran,1
Catapult,1
Catastrophe,1
Catfish,1
Catherine,1
Catman,1
Catnip,1
Cattail,1
Cauldron,1
Causeway,1
Cavalier,1
Cavalry,1
Caveman,1
Cavity,1
Cayenne,1
Cedar,1
Celery,1
Celeste,1
Celestial,1
Cellar,1
Cello,1
Cement,1
Census,1
Centaur,1
Centauri,1
Center,1
Center Stage,1
Centerfold,1
Centipede,1
Centurion,1
Century,1
Ceramic,1
Cerberus,1
Cerebro,1
Cermak,1
Cerulean,1
Cesspool,1
Cetus,1
Chain,1
Chainlink,1
Chainsaw,1
Chairman,1
Chalkline,1
Challenger,1
Chamber,1
Chamberlain,1
Chameleon,1
Chamomile,1
Champagne,1
Champion,1
Chancellor,1
Chandelier,1
Chaos,1
Chapel,1
Chaperone,1
Chapter,1
Charbroil,1
Charcoal,1
Charcuterie,1
Charger,1
Chariot,1
Charisma,1
Charity Case,1
Charlemagne,1
Charm,1
Charmer,1
Charon,1
Charter,1
Charybdis,1
Chase,1
Chaser,1
Chasm,1
Chassis,1
Chatroom,1
Chatter,1
Chatterbox,1
Cheat Code,1
Checkbox,1
Checkerboard,1
Checkers,1
Checklist,1
Checkmate,1
Checkpoint,1
Cheddar,1
Cheeks,1
Cheeky,1
Cheerful,1
Cheerleader,1
Cheese,1
Cheeseburger,1
Cheesecake,1
Cheetah,1
Chef,1
Cherry,1
Cherry Blossom,1
Cherry Bomb,1
Cherub,1
Cheshire Cat,1
Chester,1
Chestnut,1
Chevalier,1
Chevron,1
Chewy,1
Chi,1
Chiaroscuro,1
Chick,1
Chickadee,1
Chicken,1
Chicken Wing,1
Chickenhound,1
Chickpea,1
Chief,1
Chieftain,1
Chiffon,1
Chili,1
Chill,1
Chillbox,1
Chiller,1
Chime,1
Chimera,1
Chimichanga,1
Chimney,1
Chinook,1
Chinstrap,1
Chip,1
Chipmunk,1
Chips,1
Chipset,1
Chiron,1
Chisel,1
Chitchat,1
Chivalry,1
Chive,1
Chocolate,1
Chocolate Chip,1
Chokehold,1
Chomper,1
Chonk,1
Chop-Chop,1
Chopblock,1
Chopper,1
Chopping Block,1
Chops,1
Chopstick,1
Chorus,1
Chosen,1
Chosen One,1
Chowder,1
Chrome,1
Chrome Dog,1
Chrome Dome,1
Chrono,1
Chronos,1
Chrysalis,1
Chrysaor,1
Chuck,1
Chuckles,1
Chuckwagon,1
Chucky,1
Chug-A-Lug,1
Chum,1
Chupacabra,1
Church,1
Cicada,1
Cicerone,1
Cider,1
Cigar,1
Cinder,1
Cinderella,1
Cinema,1
Cinnamon,1
Cipher,1
Circe,1
Circle,1
Circuit,1
Circuit Breaker,1
Circus,1
Citadel,1
Citrine,1
Citrus,1
City,1
Citylight,1
Civilian,1
Claiomh Solais,1
Clairvoyant,1
Clam,1
Clamor,1
Clamp,1
Clandestine,1
Clang,1
Clanky,1
Clarent,1
Clarinet,1
Clarion,1
Clarity,1
Clash,1
Classic,1
Classy,1
Claw,1
Clawfoot,1
Claws,1
Clay,1
Claymore,1
Clayton,1
Cleaner,1
Clef,1
Clem,1
Cleopatra,1
Cleric,1
Cletus,1
Clever,1
Cliff,1
Climax,1
Clip,1
Clipper,1
Cloak,1
Cloakfang,1
Clobber,1
Clock,1
Clockwise,1
Clockwork,1
Clogs,1
Clone,1
Close Shave,1
Closer,1
Closet,1
Clot,1
Cloud,1
Cloudbreaker,1
Cloudburst,1
Clover,1
Clown,1
Clown Car,1
Clownfish,1
Club,1
Clue,1
Clueless,1
Clumsy,1
Cluster,1
Clutch,1
Clutter,1
Clydesdale,1
Coach,1
Coast,1
Coastguard,1
Cobalt,1
Cobbler,1
Cobblestone,1
Cobra,1
Cobweb,1
Cockatrice,1
Cockroach,1
Coco,1
Cocoa,1
Coconut,1
Cod,1
Code,1
Coded,1
Coder,1
Codex,1
Coffee,1
Coffin,1
Cog,1
Coil,1
Coin,1
Cola,1
Colby,1
Cold Snap,1
Coldface,1
Coldstart,1
Coldsteel,1
Collapse,1
Collar,1
Collateral,1
Collector,1
Colossus,1
Colt,1
Coma,1
Comanche,1
Combatant,1
Combine,1
Combo,1
Combustor,1
Comeback,1
Comet,1
Comfort,1
Command,1
Commando,1
Commissar,1
Commlink,1
Commodore,1
Companion,1
Compass,1
Comrade,1
Conan,1
Conceal,1
Conch,1
Conclave,1
Concrete,1
Concussion,1
Condor,1
Conductor,1
Conduit,1
Conehead,1
Confessor,1
Confetti,1
Conflict,1
Confucius,1
Conjure,1
Conman,1
Conqueror,1
Conquistador,1
Consigliere,1
Console,1
Consort,1
Constable,1
Constellation,1
Constipation,1
Consumer,1
Contact,1
Contagion,1
Contender,1
Contraband,1
Contrail,1
Control,1
Conventions,1
Conveyor,1
Convict,1
Convoy,1
Cooker,1
Cookie,1
Cookie Dough,1
Cookies,1
Cool Hand,1
Coolant,1
Cooler,1
Cooper,1
Copper,1
Copperhead,1
Coppertop,1
Copycat,1
Coral,1
Cordial,1
Cordon,1
Corduroy,1
Core,1
Corgi,1
Cork,1
Corkscrew,1
Corkwood,1
Corky,1
Cormorant,1
Cornbread,1
Corncob,1
Corndog,1
Cornflower,1
Cornhole,1
Cornrows,1
Corny,1
Corona,1
Coronet,1
Coronis,1
Corporate,1
Corpse,1
Corpse Flower,1
Corruption,1
Corsair,1
Corset,1
Cortain,1
Cosmic,1
Cosmo,1
Cosmos,1
Cossack,1
Costume,1
Cottage,1
Cotton,1
Cotton Candy,1
Cottonball,1
Cottontail,1
Couch,1
Cougar,1
Council,1
Count,1
Countdown,1
Counter,1
Counterpart,1
Counterpunch,1
Countess,1
Courage,1
Courier,1
Courser,1
Courtier,1
Coven,1
Cover,1
Covert,1
Cow,1
Coward,1
Cowbell,1
Cowboy,1
Coyote,1
Crab,1
Crabapple,1
Crabshack,1
Cracked,1
Crackerjack,1
Crackers,1
Crackle,1
Crackpot,1
Crackshot,1
Cradle,1
Craft,1
Craftsman,1
Crana,1
Cranberry,1
Crane,1
Crank,1
Crankcase,1
Crash,1
Crash Test Dummy,1
Crashdown,1
Crashland,1
Crashsite,1
Crate,1
Crater,1
Craven,1
Crawfish,1
Crawl,1
Crawler,1
Crayfish,1
Crayon,1
Crazy Quilt,1
Cream,1
Cream Puff,1
Creator,1
Creature,1
Creek,1
Creep,1
Creeper,1
Creepy,1
Crepe,1
Crescendo,1
Crescent,1
Crest,1
Cretaceous,1
Cricket,1
Crikey,1
Crime Scene,1
Criminal,1
Crimson,1
Cringe,1
Cripple,1
Crisis,1
Crisp,1
Crispy,1
Critic,1
Critical,1
Critter,1
Croc,1
Crocale,1
Crocea Mors,1
Crocodile,1
Crocus,1
Cromwell,1
Crook,1
Cross,1
Cross Country,1
Cross Stitch,1
Crossbow,1
Crosscut,1
Crossfade,1
Crossfire,1
Crosshairs,1
Crossing Guard,1
Crossover,1
Crosswalk,1
Crosswind,1
Crossword,1
Crouton,1
Crow,1
Crowbar,1
Crown,1
Crucible,1
Crucifix,1
Cruise,1
Cruise Control,1
Cruiser,1
Cruithe,1
Crumb,1
Crumble,1
Crunch,1
Cruncher,1
Crusader,1
Crusher,1
Crustacean,1
Crusty,1
Crutch,1
Crybaby,1
Cryo,1
Crypt,1
Cryptic,1
Crypto,1
Crystal,1
Cub,1
Cube,1
Cuckoo,1
Cucumber,1
Cuddles,1
Cueball,1
Cuervo,1
Cufflink,1
Cuirassier,1
Cujo,1
Cupcake,1
Cupid,1
Cure,1
Curly,1
Current,1
Curry,1
Curse,1
Curtain Call,1
Curtana,1
Curve,1
Cushion,1
Custard,1
Custer,1
Cut Rate,1
Cutie,1
Cutlass,1
Cutline,1
Cutter,1
Cutthroat,1
Cuttlefish,1
Cyan,1
Cyanide,1
Cyber,1
Cyborg,1
Cyclone,1
Cyclops,1
Cygnus,1
Cymbals,1
Cynic,1
Cypher,1
Cypress,1
Cyrene,1
D-Day,1
D'Artagnan,1
Daedalus,1
Daemon,1
Daffodil,1
Dagger,1
Daily,1
Dainsleif,1
Dairy,1
Daisy,1
Daisy Chain,1
Daito,1
Dallas,1
Dalmatian,1
Damage,1
Dame,1
Damocles,1
Damp,1
Danae,1
Dance Floor,1
Dancer,1
Dandelion,1
Dandy,1
Danger,1
Danger Close,1
Danger Noodle,1
Danger Zone,1
Dante,1
Daphne,1
Dapper,1
Dare,1
Daredevil,1
Daring,1
Darius,1
Darjeeling,1
Dark,1
Dark Angel,1
Darken,1
Darkfang,1
Darklight,1
Darkness,1
Darkside,1
Darkstar,1
Darling,1
Dart,1
Dartboard,1
Darwin,1
Dash,1
Dashcam,1
Data,1
Dauntless,1
DaVinci,1
Dawn,1
Dawnfire,1
Dawnveil,1
Daydream,1
Daylight,1
Dazzle,1
Dazzler,1
Deacon,1
Dead End,1
Deadbeat,1
Deadbolt,1
Deadeye,1
Deadfall,1
Deadheart,1
Deadlift,1
Deadlock,1
Deadpan,1
Deadshot,1
Deadwood,1
Dealbreaker,1
Dealer,1
Dear John,1
Death,1
Death Angel,1
Death Knell,1
Deathblow,1
Deathdealer,1
Deathscythe Murderkill,1
Deathspire,1
Deathstalker,1
Deathstroke,1
Deathtrap,1
Deathwish,1
Debonair,1
Debris,1
Debt,1
Debug,1
Decadent,1
Decay,1
Deceiver,1
Decibel,1
Decker,1
Deckhand,1
Decorum,1
Decoy,1
Decryption,1
Deep Dish,1
Deep Freeze,1
Deep Six,1
Deepfang,1
Deepfield,1
Deepsea,1
Deer Hunter,1
Defcon,1
Defector,1
Defender,1
Defiant,1
Defile,1
Defrag,1
Defrost,1
Defuse,1
Dehydrate,1
Deimos,1
Dekker,1
Delivery,1
Delphi,1
Delta,1
Deluge,1
Delusion,1
Deluxe,1
Dementia,1
Demeter,1
Demo,1
Demolisher,1
Demoman,1
Demon,1
Demonspawn,1
Dempsey,1
Denial,1
Denim,1
Density,1
Dentist,1
Depth,1
Depth Charge,1
Deputy,1
Derby,1
Derpy,1
Dervish,1
Desert,1
Desire,1
Desk Jockey,1
Desolate,1
Despair,1
Desperado,1
Desperate,1
Destiny,1
Destroyer,1
Destruction,1
Detective,1
Detonator,1
Detour,1
Detritus,1
Detroit,1
Deuce,1
Dev Null,1
Devastator,1
Deviant,1
Devil,1
Devil Dog,1
Devour,1
Devourer,1
Dewdrop,1
Dexter,1
Diablo,1
Diadem,1
Diagram,1
Dialtone,1
Diamond,1
Diamondback,1
Dian Wei,1
Dice,1
Dictator,1
Diesel,1
Digger,1
Digit,1
Digital,1
Dignity,1
Dijon,1
Diligence,1
Dim Sum,1
Ding,1
Ding-A-Ling,1
Dingo,1
Dinner Bell,1
Dino,1
Dinosaur,1
Dionysus,1
Dipper,1
Dipstick,1
Director,1
Direwolf,1
Dirge,1
Dirk,1
Dirt,1
Dirtbag,1
Dirtnap,1
Dirty,1
Disarm,1
Disarray,1
Disaster,1
Discard,1
Disciple,1
Disco,1
Disco Fever,1
Discord,1
Discount,1
Discovery,1
Discreet,1
Discus,1
Disease,1
Disguise,1
Dishonor,1
Disorderly,1
Dispatch,1
Dispenser,1
Distemper,1
Ditch,1
Ditchdigger,1
Ditto,1
Ditzy,1
Diva,1
Dive,1
Divebomb,1
Diver,1
Divine,1
Division,1
Divot,1
Dixie,1
Dizzy,1
DJ,1
Djinn,1
DNA,1
Do Or Die,1
DOA,1
Doc,1
Dockhand,1
Dockside,1
Doctor,1
Doctrine,1
Dodge This,1
Dodger,1
Dodo,1
Dog,1
Dog Ear,1
Dogfood,1
Doghouse,1
Dogma,1
Dogsled,1
Dogtag,1
Dojang,1
Dojigiri,1
Dojo,1
Dollface,1
Dollop,1
Dolphin,1
Domain,1
Dome,1
Dominion,1
Domino,1
Donkey,1
Donnybrook,1
Donut,1
Doodle,1
Doofus,1
Doohickey,1
Doolittle,1
Doom,1
Doomsday,1
Doorbell,1
Doorman,1
Doormat,1
Doorway,1
Doozy,1
Dopey,1
Dork,1
Dorothy,1
Dot,1
Double,1
Double Tap,1
Doubledown,1
Doubleshot,1
Doubloon,1
Doug,1
Doughball,1
Doughboy,1
Dove,1
Dovetail,1
Downfall,1
Download,1
Downplay,1
Downpour,1
Downshift,1
Downtown,1
Dozer,1
Dozey,1
Draco,1
Dracula,1
Draft,1
Drag Queen,1
Drag Race,1
Drag Strip,1
Dragnet,1
Drago,1
Dragon,1
Dragonfire,1
Dragonfly,1
Dragonheart,1
Dragonkick,1
Dragoon,1
Drake,1
Dram,1
Draugr,1
Drawback,1
Dray,1
Dread,1
Dreadlocks,1
Dreadnought,1
Dream,1
Dream Weaver,1
Dreamboat,1
Dreamcatcher,1
Dreamer,1
Dreamland,1
Dreamstalker,1
Dreamstrike,1
Dreamtime,1
Dreidel,1
Drencher,1
Drift,1
Driftcore,1
Drifter,1
Driftice,1
Driftshade,1
Driftwood,1
Drill,1
Drillbit,1
Drippy,1
Drive,1
Driveby,1
Drizzle,1
Droid,1
Dromedary,1
Drone,1
Droopy,1
Dropkick,1
Dropout,1
Dropship,1
Drought,1
Drudge,1
Druglord,1
Druid,1
Drumbeat,1
Drummer,1
Drumstick,1
Drunk,1
Dry Ice,1
Dry Spell,1
Dryad,1
Dual,1
Duchess,1
Duck,1
Duckie,1
Duct Tape,1
Dude,1
Duelist,1
Dugout,1
Duke,1
Dullahan,1
Dumb Luck,1
Dumbbell,1
Dumpling,1
Dumpster,1
Dumptruck,1
Dune,1
Dune Rat,1
Dungeon,1
Durandal,1
Dusk,1
Dust,1
Dust Devil,1
Dustbowl,1
Dustbunny,1
Dustcloud,1
Dustdevil,1
Duster,1
Dusty,1
Dutch,1
Dwarf,1
Dynamite,1
Dynamo,1
Dynasty,1
Dyngus,1
Dynomite,1
Dyrnwyn,1
Eagle,1
Eagle Eye,1
Ear,1
Earbuds,1
Earl,1
Ears,1
Earthquake,1
East,1
Easter,1
Easter Egg,1
Eastwood,1
Easy,1
Ebony,1
Echelon,1
Echidna,1
Echo,1
Echoflare,1
Eclair,1
Eclipse,1
Ectoplasm,1
Edelweiss,1
Eden,1
Edge,1
Editor,1
Eel,1
Eerie,1
Egg,1
Egghead,1
Eggnog,1
Eggroll,1
Eggshell,1
Ego,1
Eidolon,1
Eight-Ball,1
Einstein,1
Elation,1
Elbow,1
Elbows,1
Elder,1
Eldritch,1
Electra,1
Elegant,1
Elegy,1
Elemental,1
Elephant,1
Elevate,1
Elevator,1
Elf,1
Elizabeth,1
Elk,1
Ellipsis,1
Elvis,1
Ember,1
Emberfall,1
Emberfang,1
Emberhound,1
Emblem,1
Emerald,1
Emergency,1
Emissary,1
Emitter,1
Emo,1
Emperor,1
Empire,1
Empress,1
Emu,1
En Garde,1
Encantado,1
Enchant,1
Enchanter,1
Encore,1
Encrypt,1
Encyclopedia,1
Endeavor,1
Endless,1
Endurance,1
Energizer,1
Energy,1
Enforcer,1
Engage,1
Engine,1
Enigma,1
Enkidu,1
Enterprise,1
Entropy,1
Entry,1
Envelope,1
Envoy,1
Eon,1
Eos,1
Epic,1
Epilogue,1
Epitome,1
Epoch,1
Epoxy,1
Epsilon,1
Equality,1
Equation,1
Equinox,1
Eraser,1
Erasure,1
Eris,1
Erosion,1
Errant,1
Error,1
Ersatz,1
Eruption,1
Escalation,1
Escapade,1
Escape,1
Escargot,1
Escort,1
Eskrima,1
Espresso,1
Essence,1
Esteem,1
ET,1
Eta,1
Etcetera,1
Eternal,1
Eternity,1
Ether,1
Ethereal,1
Euchre,1
Eulogy,1
Euphoria,1
Eureka,1
Europa,1
Eurydice,1
Evac,1
Evader,1
Evangelist,1
Evening,1
Eventide,1
Everest,1
Evergreen,1
Evermore,1
Evil,1
Evil Eye,1
Example,1
Excalibur,1
Excellent,1
Executioner,1
Executive,1
Executor,1
Exile,1
Exit,1
Exotic,1
Expedition,1
Experience,1
Experiment,1
Exploit,1
Explorer,1
Express,1
Expresso,1
Exquisite,1
Extra Large,1
Extra Life,1
Extractor,1
Eye Guy,1
Eyeball,1
Eyepatch,1
Fable,1
Fabulous,1
Facade,1
Face,1
Face-Off,1
Faceless,1
Facepalm,1
Faceplant,1
Faction,1
Factoid,1
Factory,1
Facts,1
Fade,1
Faerie,1
Fafnir,1
Fahrenheit,1
Fair Play,1
Fair Weather,1
Fairground,1
Fairytale,1
Faith,1
Faithful,1
Faker,1
Falchion,1
Falcon,1
Falconer,1
Falconheart,1
Falconry,1
Falling Plate,1
Fallout,1
Fame,1
Familiar,1
Fanblade,1
Fanboy,1
Fancy,1
Fancy Pants,1
Fandango,1
Fang,1
Fantasy,1
Faraday,1
Farmboy,1
Farmer,1
Fashion Plate,1
Fast Draw,1
Fast Track,1
Fastbreak,1
Fastener,1
Fastlane,1
Fatal,1
Fatality,1
Fate,1
Father,1
Fathom,1
Fatty,1
Fauchard,1
Faultline,1
Fauna,1
Faust,1
Favorite,1
Fawn,1
Fearless,1
Feather,1
Feather Duster,1
Featherweight,1
Fedora,1
Feedback,1
Feelgood,1
Feint,1
Feisty,1
Feldspar,1
Feline,1
Felis,1
Felix,1
Fencer,1
Fender,1
Fennel,1
Fenrir,1
Feral,1
Fern,1
Ferret,1
Fertilizer,1
Fester,1
Fetch,1
Fetus,1
Fever Dream,1
Fey,1
Fez,1
Fiber,1
Fiction,1
Fiddle,1
Fiddler,1
Fiddlesticks,1
Fidelity,1
Fidget,1
Fido,1
Fiend,1
Fierce,1
Fifi,1
Figurehead,1
Filigree,1
Final Word,1
Finder,1
Fine Print,1
Fine-line,1
Fingers,1
Finish Line,1
Finn,1
Fire,1
Fire Cat,1
Firearm,1
Fireball,1
Firebird,1
Firebrand,1
Firebug,1
Firecracker,1
Firefight,1
Firefly,1
Firehawk,1
Firehose,1
Firelance,1
Firepit,1
Fireplace,1
Firestarter,1
Firestorm,1
Firestrike,1
Firewall,1
Firewing,1
Firewolf,1
Firewood,1
Fireworks,1
Firing Squad,1
First Aid,1
First Degree,1
Fish,1
Fish Fry,1
Fish Sticks,1
Fisher,1
Fisherman,1
Fisticuffs,1
Fix-It,1
Fixer,1
Fizz,1
Fizzle,1
Fjord,1
Flag,1
Flagpole,1
Flail,1
Flak,1
Flambeau,1
Flamberge,1
Flame,1
Flamer,1
Flamingo,1
Flange,1
Flank,1
Flanker,1
Flannel,1
Flapjack,1
Flapper,1
Flare,1
Flaregun,1
Flash,1
Flashback,1
Flashbang,1
Flashfire,1
Flashlight,1
Flashpoint,1
Flask,1
Flatbed,1
Flatfoot,1
Flathead,1
Flatline,1
Flay,1
Flea,1
Flechette,1
Fleetfoot,1
Flesh,1
Fleur,1
Flex,1
Flicker,1
Flight,1
Flim-Flam,1
Flinchy,1
Flint,1
Flintlock,1
Flip,1
Flip Flops,1
Flipflop,1
Flipper,1
Float,1
Flood,1
Floorboard,1
Floppy,1
Flora,1
Floss,1
Flotsam,1
Flounder,1
Flourish,1
Flow,1
Flower,1
Flower Pot,1
Floyd,1
Fluffy,1
Fluke,1
Flume,1
Flurry,1
Flute,1
Flutter,1
Flux,1
Fly By Night,1
Fly Trap,1
Flyboy,1
Flycatcher,1
Flynn,1
Flytrap,1
Focus,1
Fog,1
Fogbank,1
Foggy,1
Foghorn,1
Foie Gras,1
Folio,1
Fondue,1
Food Fight,1
Foolproof,1
Footloose,1
Footprint,1
Forager,1
Forbidden,1
Force,1
Forehead,1
Foreshadow,1
Foresight,1
Forest,1
Forge,1
Forget-Me-Not,1
Fork,1
Forklift,1
Forlorn Hope,1
Formation,1
Formidable,1
Fortitude,1
Fortress,1
Fortune,1
Fortune Cookie,1
Forward,1
Fossil,1
Foul,1
Fountain,1
Four Eyes,1
Fox,1
Foxfire,1
Foxglove,1
Foxhole,1
Foxtrot,1
Foxy,1
Fracas,1
Fractal,1
Fracture,1
Frag,1
Fragile,1
Frankenstein,1
Frantic,1
Fraud,1
Freak,1
Freakshow,1
Freckles,1
Fred,1
Frederick,1
Free Throw,1
Freebie,1
Freebirth,1
Freebooter,1
Freedom,1
Freefall,1
Freeloader,1
Freestyle,1
Freeway,1
Freeze Frame,1
Freezer,1
Freight,1
Freight Train,1
Freighter,1
Frenzy,1
Fresca,1
Fresco,1
Freud,1
Freya,1
Friar,1
Friction,1
Friday,1
Fridge,1
Friendly,1
Frigate,1
Frigid,1
Frisky,1
Frog,1
Froggy,1
Frolic,1
Frontkick,1
Frontline,1
Frost,1
Frostbite,1
Frostfang,1
Frostfire,1
Frosting,1
Frosty,1
Fruit Punch,1
Fudge,1
Fujin,1
Fulcrum,1
Fumble,1
Fungus,1
Funky,1
Funnelweb,1
Funny,1
Furious,1
Furnace,1
Furor,1
Furry,1
Fury,1
Fuschia,1
Fuse,1
Fuseblade,1
Fusebox,1
Fusion,1
Fuster,1
Futon,1
Future,1
Fuzz,1
Fuzzy,1
Gadget,1
Gaggle,1
Gaia,1
Gala,1
Galahad,1
Galatea,1
Galaxy,1
Gale,1
Galileo,1
Gallant,1
Galleon,1
Galley,1
Gallows,1
Gambit,1
Gamble,1
Gambler,1
Game Time,1
Gamer,1
Gameshow,1
Gamma,1
Gangster,1
Ganymede,1
Garbage,1
Gargoyle,1
Garland,1
Garlic,1
Garm,1
Garnet,1
Garrison,1
Garrote,1
Garuda,1
Gas Hog,1
Gasbag,1
Gash,1
Gasket,1
Gaslight,1
Gaspipe,1
Gassy,1
Gate,1
Gate Crasher,1
Gateway,1
Gatling,1
Gator,1
Gatsby,1
Gaucho,1
Gauge,1
Gauntlet,1
Gauss,1
Gavel,1
Gazelle,1
Gear,1
Gearbox,1
Gearshift,1
Gecko,1
Geek,1
Geezer,1
Geist,1
Gemini,1
Gemstone,1
Genbu,1
General,1
Generator,1
Generic,1
Genesis,1
Geneva,1
Genghis,1
Genie,1
Genitor,1
Genius,1
Gentleman,1
Gentry,1
Geode,1
Geoduck,1
Geranium,1
Gerbil,1
Geronimo,1
Geryon,1
Getaway,1
Geyser,1
Ghost,1
Ghost Town,1
Ghost Walker,1
Ghostfire,1
Ghostwolf,1
Ghoul,1
Giant,1
Giant-Killer,1
Gift,1
Gig,1
Gigawatt,1
Giggle,1
Giggles,1
Gilded,1
Gilgamesh,1
Gillarg,1
Gimmick,1
Gin,1
Ginger,1
Gingerbread,1
Gingersnap,1
Ginsu,1
Giraffe,1
Girder,1
Gizmo,1
Gizzard,1
Glacier,1
Gladiator,1
Gladius,1
Glaive,1
Glamour,1
Glance,1
Glare,1
Glass,1
Glass Cannon,1
Glasscutter,1
Glassjaw,1
Glasswing,1
Gleam,1
Glide,1
Glider,1
Glimmer,1
Glint,1
Glissade,1
Glitch,1
Glitter,1
Global,1
Globetrotter,1
Gloom,1
Gloomy,1
Glory,1
Gloryhog,1
Glover,1
Glow,1
Glowbug,1
Glowstick,1
Glowworm,1
Glue,1
Glutton,1
Glyde,1
Glyph,1
Gnarly,1
Gnat,1
Gnaw,1
Gnome,1
Goad,1
Goalie,1
Goat,1
Goblin,1
Gobstopper,1
Godan,1
Godfather,1
Godiva,1
Godless,1
Godric,1
Godspeed,1
Goggles,1
Goji,1
Gold,1
Gold Digger,1
Gold Leaf,1
Gold Rush,1
Golden,1
Goldenrod,1
Goldfinch,1
Goldfish,1
Goldhorn,1
Goldilocks,1
Golem,1
Golf Cart,1
Goliath,1
Gomer,1
Gong,1
Gongjin,1
Gonzo,1
Goober,1
Good Night,1
Goody,1
Goof-Off,1
Goofball,1
Goofy,1
Goon,1
Goose,1
Goosefoot,1
Gopher,1
Gore,1
Gorge,1
Gorgon,1
Gorilla,1
Gossamer,1
Gossip,1
Gourmand,1
Grace,1
Graceland,1
Grackle,1
Gradient,1
Graffiti,1
Gram,1
Grammar,1
Grand,1
Grand Finale,1
Grand Slam,1
Grandeur,1
Grandmaster,1
Grandpa,1
Granite,1
Granny,1
Granola,1
Grapefruit,1
Grapeshot,1
Grapevine,1
Graphite,1
Grapple,1
Grappler,1
Grass,1
Grasshopper,1
Grave,1
Gravedigger,1
Gravel,1
Graveyard,1
Graviton,1
Gravity,1
Gravy,1
Gravytrain,1
Grayscale,1
Graze,1
Grease Fire,1
Greaseball,1
Greasy,1
Great Wall,1
Greedy,1
Green,1
Green Light,1
Green Thumb,1
Greenroom,1
Gremlin,1
Grenade,1
Grendel,1
Grey Wind,1
Greyhound,1
Grid,1
Griddle,1
Gridiron,1
Gridline,1
Gridlock,1
Grief,1
Griffin,1
Grifter,1
Grill,1
Grilled Cheese,1
Grillmaster,1
Grim,1
Grime,1
Grimfang,1
Grinch,1
Grinder,1
Grinner,1
Grit,1
Grizzly,1
Grognard,1
Groovy,1
Grotesque,1
Grouch,1
Grounder,1
Groundhog,1
Growl,1
Grub,1
Grudge,1
Grumbles,1
Grump,1
Grumpy,1
Grunt,1
Grunter,1
Guacamole,1
Guano,1
Guard,1
Guardian,1
Guerrilla,1
Guidance,1
Guideline,1
Guidestar,1
Guile,1
Guillotine,1
Guilty,1
Guinea Pig,1
Guinness,1
Guisarme,1
Guitar,1
Gulag,1
Gully,1
Gumball,1
Gumdrop,1
Gumshoe,1
Gun Bunny,1
Gun Man,1
Gundog,1
Gundoll,1
Gunfire,1
Gung-Ho,1
Gungnir,1
Gunhog,1
Gunmetal,1
Gunner,1
Gunport,1
Gunpowder,1
Gunrunner,1
Gunslinger,1
Gunsmith,1
Gunsmoke,1
Gurkha,1
Guts,1
Gutter,1
Gutterball,1
Guttersnipe,1
Guzzle,1
Gyrfalcon,1
Gyro,1
Gyrojet,1
Gyru,1
Hacker,1
Hacksaw,1
Haddock,1
Hades,1
Hagfish,1
Haggis,1
Hail,1
Hail Mary,1
Hailstone,1
Hailstorm,1
Hairball,1
Hairbrush,1
Haircut,1
Hairy,1
Haizum,1
Halberd,1
Halcyon,1
Half Baked,1
Half Mast,1
Half Pint,1
Halfpipe,1
Halibut,1
Hallow,1
Halo,1
Ham,1
Hambone,1
Hamburger,1
Hammer,1
Hammerblow,1
Hammerfist,1
Hammerhead,1
Hammock,1
Handcuff,1
Handicap,1
Handlebar,1
Handmaiden,1
Handshake,1
Handstand,1
Handsy,1
Handy,1
Hang-up,1
Hangar,1
Hangman,1
Hangnail,1
Hangover,1
Hannibal,1
Happy,1
Happy Hour,1
Harassment,1
Harbinger,1
Harbor,1
Hard Luck,1
Hard Rock,1
Hardball,1
Hardcase,1
Hardcore,1
Hardhat,1
Hardline,1
Hardlock,1
Hardpoint,1
Hardshell,1
Hardtop,1
Hardware,1
Hardwire,1
Harlequin,1
Harley,1
Harmonic,1
Harmony,1
Harness,1
Harp,1
Harpo,1
Harpoon,1
Harpy,1
Harrier,1
Harrow,1
Harvester,1
Hash,1
Hashcode,1
Haste,1
Hat,1
Hat Trick,1
Hatchet,1
Hatchet Jim,1
Hatter,1
Hauler,1
Haunt,1
Haunted,1
Haven,1
Havoc,1
Havok,1
Hawk,1
Hawkeye,1
Hawkstrike,1
Haymaker,1
Hayseed,1
Haystack,1
Haywire,1
Hazard,1
Haze,1
Hazelnut,1
Hazmat,1
Headache,1
Headbanger,1
Headcase,1
Headhunter,1
Headless,1
Headline,1
Headshot,1
Headstrong,1
Heart,1
Heart Attack,1
Heartbeat,1
Heartbreaker,1
Heartburn,1
Heartless,1
Heartstopper,1
Heartthrob,1
Heat,1
Heat Wave,1
Heater,1
Heather,1
Heatsink,1
Heaven,1
Heavy,1
Heavy Duty,1
Heavyweight,1
Hecate,1
Hectic,1
Hector,1
Hedge,1
Hedgehog,1
Hefty,1
Heifer,1
Heirloom,1
Heist,1
Helhound,1
Helios,1
Helius,1
Helix,1
Hell Cat,1
Hellbender,1
Hellborn,1
Hellburner,1
Hellcat,1
Hellebore,1
Hellfire,1
Hellhound,1
Hellion,1
Helm,1
Helmet,1
Helo,1
Hemlock,1
Hephaestus,1
Hera,1
Heracles,1
Herald,1
Hercules,1
Herd,1
Heretic,1
Heritage,1
Hermes,1
Hermit,1
Hero,1
Herringbone,1
Hewer,1
Hex,1
Hexbolt,1
Hexfang,1
Heyday,1
Hi-Spec,1
Hi-Viz,1
Hiatus,1
Hibagon,1
Hibiscus,1
Hiccup,1
Hickory,1
Hideaway,1
Hideout,1
High Life,1
High Noon,1
High Roller,1
High Score,1
High Voltage,1
Highball,1
Highbrow,1
Highlander,1
Highness,1
Highrise,1
Hightail,1
Hightide,1
Hightower,1
Highwater,1
Highway,1
Highwire,1
Hijack,1
Hijinks,1
Hiker,1
Hillbilly,1
Hindenburg,1
Hindsight,1
Hinge,1
Hip-Hop,1
Hipfire,1
Hippo,1
Hippogriff,1
Hipshot,1
Hissy Fit,1
History,1
Hit n Run,1
Hitch,1
Hitchhiker,1
Hitman,1
Hive,1
Hivemind,1
Hoarder,1
Hobbit,1
Hobnob,1
Hocus,1
Hocus Pocus,1
Hoedown,1
Hog,1
Hogtie,1
Hogweed,1
Hoist,1
Hokum,1
Hole Punch,1
Holiday,1
Hollow,1
Holly,1
Hollywood,1
Holo,1
Holovid,1
Holy,1
Holy Man,1
Home Run,1
Homesick,1
Homestead,1
Homicide,1
Homunculus,1
Honest,1
Honey,1
Honeycomb,1
Honeydew,1
Honeypot,1
Honeysuckle,1
Honky-Tonk,1
Honor,1
Honor Guard,1
Hooch,1
Hood,1
Hoodlum,1
Hoodwink,1
Hook,1
Hooligan,1
Hoop Snake,1
Hoopla,1
Hoops,1
Hope,1
Hopeful,1
Hopeless,1
Hoplite,1
Hopscotch,1
Horde,1
Horizon,1
Hormones,1
Horn,1
Hornet,1
Horns,1
Horoscope,1
Horrorshow,1
Horse,1
Horseman,1
Horsepower,1
Horseshoe,1
Horus,1
Hose,1
Hoss,1
Hot Air,1
Hot Damn,1
Hot Dog,1
Hot Fudge,1
Hot Sauce,1
Hot Tamale,1
Hotbox,1
Hotel,1
Hothead,1
Hotpot,1
Hotrod,1
Hotshot,1
Hotspur,1
Hotwing,1
Hotwire,1
Houdini,1
Hound,1
Hound Dog,1
Hourglass,1
Howdy,1
Howitzer,1
Howl,1
Howler,1
HPG,1
Hrotti,1
Hubby,1
Hubcap,1
Hubris,1
Huckleberry,1
Hudson,1
Huevos,1
Huggy,1
Hula,1
Hula Hoop,1
Hulk,1
Hull,1
Hum,1
Humble Pie,1
Humbug,1
Humdrum,1
Hummingbird,1
Humpback,1
Hunchback,1
Hungry,1
Hunt,1
Hunter,1
Huntress,1
Huntsman,1
Hurdle,1
Hurdy Gurdy,1
Hurl,1
Hurricane,1
Huscarl,1
Hush,1
Husk,1
Husker,1
Husky,1
Hussar,1
Hustle,1
Hyacinth,1
Hybrid,1
Hyde,1
Hydra,1
Hydraulic,1
Hyena,1
Hymn,1
Hype,1
Hyper,1
Hyperion,1
Hyperlink,1
Hypernova,1
Hyperpulse,1
Hypersonic,1
Hyphen,1
Hypnos,1
Hypnotic,1
Hypocrite,1
I-Beam,1
Iaido,1
Ibex,1
Ibis,1
Icarus,1
Ice,1
Ice Cream,1
Ice Cube,1
Iceberg,1
Icebox,1
Icebreaker,1
Icecap,1
Icefall,1
Icefisher,1
Iceheart,1
Icehellion,1
Icehouse,1
Iceman,1
Icepick,1
Icetea,1
Ichabod,1
Ichor,1
Icicle,1
Icon,1
Idea,1
Idealist,1
Idol,1
Idun,1
Ifrit,1
Igloo,1
Igor,1
Iguana,1
Ill Wind,1
Illiad,1
Illusion,1
Image,1
Immigrant,1
Immortal,1
Imp,1
Impact,1
Imperator,1
Imperial,1
Imposter,1
Improv,1
Impulsive,1
Incant,1
Inch,1
Inchworm,1
Incognito,1
Incubus,1
Indiana,1
Indignant,1
Indigo,1
Indomitable,1
Indy,1
Infection,1
Infernal,1
Inferno,1
Infiltrator,1
Infinity,1
Ingot,1
Inheritance,1
Injector,1
Ink,1
Inkblot,1
Inkwell,1
Innkeeper,1
Innocent,1
Innovation,1
Inquisitor,1
Insect,1
Insight,1
Insomnia,1
Insurance,1
Intake,1
Intel,1
Intendant,1
Interceptor,1
Interrobang,1
Intersection,1
Intrigue,1
Inuksuk,1
Invader,1
Inventor,1
Inverted,1
Invisible,1
Invitation,1
Invocation,1
Io,1
Ion,1
Iota,1
Iridescent,1
Iris,1
Irish,1
Iron,1
Iron Crane,1
Iron Giant,1
Iron Jackal,1
Iron Lady,1
Iron Maiden,1
Iron Man,1
Iron Will,1
Ironclad,1
Ironclaw,1
Ironfin,1
Ironhead,1
Ironheart,1
Ironhide,1
Ironpalm,1
Ironrust,1
Ironshade,1
Ironsides,1
Ironwood,1
Irony,1
Irrelevant,1
Ishtar,1
Isis,1
Island,1
Isonade,1
Itchy,1
Ivan,1
Ivanhoe,1
Ivory,1
Ivy,1
Jab,1
Jack,1
Jack O'Lantern,1
Jackal,1
Jackalope,1
Jackdaw,1
Jacket,1
Jackhammer,1
Jackknife,1
Jackpot,1
Jackrabbit,1
Jaculus,1
Jade,1
Jaeger,1
Jagged,1
Jaguar,1
Jailbreak,1
Jailhouse,1
Jalapeno,1
Jalopy,1
Jambiyah,1
Jamboree,1
Jammer,1
Janissary,1
Janitor,1
Janus,1
Jasconius,1
Jasmine,1
Jasper,1
Jaunty,1
Java,1
Javelin,1
Jawbone,1
Jawbreaker,1
Jaws,1
Jay,1
Jayhawk,1
Jazz,1
Jazz Hands,1
Jazzman,1
Jeckyl,1
Jeet,1
Jekyll,1
Jello,1
Jelly,1
Jellybean,1
Jenkins,1
Jericho,1
Jester,1
Jet,1
Jet Lag,1
Jet Set,1
Jethro,1
Jetpack,1
Jetsam,1
Jetstream,1
Jetstrike,1
Jettison,1
Jewel,1
Jeweler,1
Jewels,1
Jezebel,1
Jiangshi,1
Jib,1
Jibber,1
Jiffy,1
Jiggles,1
Jiggly,1
Jigsaw,1
Jimmy,1
Jingle,1
Jinglebell,1
Jinx,1
Jitter,1
Jitterbug,1
Jitters,1
Jiu,1
Jive,1
Joan,1
Jock,1
Jockey,1
Johnson,1
Joker,1
Jolly,1
Jolly Roger,1
Jolt,1
Jormungandr,1
Jotun,1
Journalist,1
Journey,1
Joust,1
Joy,1
Joystick,1
Jubilee,1
Jubokko,1
Judge,1
Judgement,1
Judo,1
Juggernaut,1
Juggler,1
Juice,1
Juice Box,1
Juicy,1
Jukebox,1
Juliet,1
Julius,1
Jumbo,1
Jump Jet,1
Jump Point,1
JumpShip,1
Jumpstart,1
Jumpy,1
Junction,1
Jungle,1
Junior,1
Juniper,1
Junk Yard,1
Junker,1
Junkheap,1
Junkmail,1
Junkyard,1
Juno,1
Jupiter,1
Jurassic,1
Jury-Rig,1
Justicar,1
Justice,1
Juzumaru,1
Jynx,1
K-9,1
Kaboom,1
Kabuki,1
Kahuna,1
Kaiju,1
Kaiser,1
Kali,1
Kallista,1
Kamikaze,1
Kangaroo,1
Kappa,1
Karambit,1
Karat,1
Karate,1
Karen,1
Karkinos,1
Karma,1
Katana,1
Katar,1
Kato,1
Katyusha,1
Kayak,1
Kazoo,1
Keelhaul,1
Keeper,1
Keepsake,1
Kellhound,1
Kelp,1
Kelpie,1
Kenjutsu,1
Kepler,1
Kerberos,1
Keresh,1
Kerfuffle,1
Kerosene,1
Kestrel,1
Ketchup,1
Kettle,1
Kevlar,1
Key,1
Keyboard,1
Keyhole,1
Keymaster,1
Keystone,1
Keystroke,1
Keytar,1
Khan,1
Khepri,1
Khopesh,1
Ki-rian,1
Kiai,1
Kibble,1
Kickback,1
Kicker,1
Kickflip,1
Kicksnap,1
Kickstart,1
Kid,1
Kilimanjaro,1
Killbox,1
Killer,1
Killjoy,1
Killshot,1
Kiln,1
Kilo,1
Kilobyte,1
Kiloton,1
Kilroy,1
Kindle,1
Kindling,1
Kinetic,1
King,1
King Kong,1
Kingcrab,1
Kingfisher,1
Kingmaker,1
Kingpin,1
Kingwood,1
Kinky,1
Kinship,1
Kintsugi,1
Kipup,1
Kishi,1
Kismet,1
Kitbash,1
Kitchen Sink,1
Kite,1
Kitsune,1
Kitten,1
Kitty,1
Kitty Hawk,1
Kiwi,1
Klepto,1
Knave,1
Kneecapper,1
Knick-Knack,1
Knife,1
Knife Edge,1
Knight,1
Knighthawk,1
Knockdown,1
Knockout,1
Knot,1
Knox,1
Knucklehead,1
Knuckles,1
Koala,1
Kobayashi,1
Kodama,1
Kodiak,1
Kojak,1
Komodo,1
Kong,1
Kongming,1
Koschei,1
Kpinga,1
Krakatoa,1
Kraken,1
Krakenborn,1
Krampus,1
Krav,1
Krieger,1
Krill,1
Kronos,1
Krunch,1
Kukri,1
Kumiho,1
Kumquat,1
Kunai,1
Kusanagi-no-Tsurugi,1
Lab Rat,1
Lace,1
Laceleaf,1
Ladder,1
Laddie,1
Ladle,1
Lady,1
Lager,1
Lagoon,1
Lagrange,1
Laika,1
Laker,1
Lamassu,1
Lamb,1
Lambchop,1
Lambda,1
Lament,1
Lamia,1
Lamp,1
Lamplight,1
Lamprey,1
Lance,1
Lancelot,1
Lancer,1
Land Shark,1
Lander,1
Landmine,1
Landscape,1
Landshark,1
Landslide,1
Lanik,1
Lantern,1
Larceny,1
Lark,1
Larva,1
Laser,1
Lash,1
Lasher,1
Lasso,1
Lastshot,1
Latch,1
Latchkey,1
Lathe,1
Latin,1
Latte,1
Lattice,1
Laughtrack,1
Laundromat,1
Laurel,1
Lava,1
Lava Lamp,1
Lavender,1
Lawless,1
Lawman,1
Lawyer,1
Layer,1
Lazarus,1
Leadfoot,1
Leaf,1
League,1
Leaky,1
Leash,1
Leather,1
Leatherneck,1
Leech,1
Lefty,1
Leg Biter,1
Leg Day,1
Legacy,1
Legal,1
Legend,1
Legion,1
Legs,1
Lemon,1
Lemonade,1
Lemongrass,1
Lemur,1
Leo,1
Leonidas,1
Leopard,1
Leprechaun,1
Leshy,1
Lethal,1
Lethe,1
Letter,1
Lettuce,1
Levee,1
Lever,1
Leviathan,1
Lexicon,1
Lexus,1
Liberator,1
Liberty,1
Libra,1
Librarian,1
Lich,1
Life Size,1
Lifeboat,1
Lifeguard,1
Lifeline,1
Lift Ticket,1
Lifter,1
Light,1
Light Switch,1
Lightbulb,1
Lightfoot,1
Lighthouse,1
Lightning,1
Lightningbug,1
Lights Out,1
Lightspeed,1
Lightweaver,1
Lightweight,1
Lilac,1
Lilith,1
Lily,1
Lilypad,1
Limber,1
Limbo,1
Limelight,1
Liminal,1
Limit,1
Limpet,1
Lincoln,1
Lindorm,1
Linear,1
Lineback,1
Linebacker,1
Liner,1
Link,1
Linkage,1
Lint,1
Lion,1
Lionfish,1
Lionheart,1
Lionness,1
Lipstick,1
Lite,1
Lithium,1
Little,1
Live,1
Livewire,1
Lizard,1
Llama,1
Loadout,1
Loaner,1
Lob,1
Lobby,1
Lobo Plumado,1
Lobster,1
Lock,1
Lock-On,1
Lockdown,1
Lockheart,1
Lockjaw,1
Lockpick,1
Lockstep,1
Lockup,1
Loco,1
Loco Pete,1
Locust,1
Lodestar,1
Lodestone,1
Lofi,1
Lofty,1
Logarithm,1
Logical,1
Logjam,1
Loki,1
Lollipop,1
Lone Eagle,1
Lone Star,1
Lone Wolf,1
Lonely,1
Loner,1
Long Haul,1
Longarm,1
Longbow,1
Longhorn,1
Longshadow,1
Longshot,1
Loofah,1
Looking Glass,1
Lookout,1
Loom,1
Loon,1
Loony,1
Loop,1
Loophole,1
Loopy,1
Loose Cannon,1
Loot,1
Looter,1
Lorelei,1
Loser,1
Lostech,1
Lottery,1
Lotus,1
Loud,1
Loudmouth,1
Lounge Lizard,1
Love Bug,1
Love Letter,1
Loveless,1
Low Rider,1
Lowball,1
Lowrider,1
Loyal,1
Loyalist,1
Lube,1
Luchador,1
Lucid,1
Lucifer,1
Lucky,1
Lucky Charm,1
Luddite,1
Lugnut,1
Lullaby,1
Lumberjack,1
Lumina,1
Luminary,1
Luminous,1
Lumpy,1
Luna,1
Lunar,1
Lunatic,1
Lunchbox,1
Lunchtime,1
Lungfish,1
Lurk,1
Lurker,1
Luster,1
Luxury,1
Lycan,1
Lynx,1
Lynxheart,1
Lyra,1
Lyre,1
Lyric,1
Mac n Cheese,1
Macabre,1
Macaroni,1
Mace,1
MacGuyver,1
Mach,1
Machete,1
Machine,1
Macho,1
Mack,1
Macro,1
Mad Dog,1
Mad Fox,1
Mad Wolf,1
Madcap,1
Madhat,1
Madman,1
Madness,1
Maelstrom,1
Maestro,1
Mafia,1
Mage,1
Magellan,1
Magellanic,1
Magenta,1
Magic,1
Magic Man,1
Magician,1
Magistrate,1
Magma,1
Magnet,1
Magneto,1
Magnificent,1
Magnitude,1
Magnum,1
Magpie,1
Mags,1
Magus,1
Mahjong,1
Mahogany,1
Maiden,1
Mail Order,1
Mailman,1
Mailsloth,1
Mainframe,1
Mainsail,1
Majestic,1
Majesty,1
Makeshift,1
Mako,1
Malaise,1
Malcontent,1
Malevolent,1
Malibu,1
Malice,1
Mallard,1
Mallet,1
Malware,1
Mama Bear,1
Mamba,1
Mambo,1
Mammoth,1
Man o' War,1
Man Trap,1
Mana,1
Manacle,1
Manatee,1
Mandible,1
Mandrake,1
Mandrill,1
Mangle,1
Mangler,1
Mango,1
Manhole,1
Manhunt,1
Maniac,1
Manicure,1
Manifold,1
Mannequin,1
Manta,1
Manticore,1
Mantis,1
Mantle,1
Mantra,1
Manure,1
Maple,1
Maracas,1
Marathon,1
Marauder,1
Marble,1
Marbles,1
March,1
Mardi Gras,1
Mariachi,1
Marigold,1
Marine,1
Mariner,1
Mark,1
Marker,1
Market,1
Marksman,1
Marlin,1
Marmalade,1
Marmoset,1
Maroon,1
Marquis,1
Marrow,1
Mars,1
Marshal,1
Marshmallow,1
Martini,1
Martyr,1
Marvel,1
Marvin,1
Masamune,1
Mascara,1
Mascot,1
Mask,1
Masquerade,1
Massacre,1
Masseuse,1
Mast,1
Masterkey,1
Mastermind,1
Masterpiece,1
Mastiff,1
Mastodon,1
Matador,1
Match,1
Matchbox,1
Matchstick,1
Matey,1
Matrix,1
Mature,1
Maul,1
Mauler,1
Maven,1
Maverick,1
Max,1
Maxim,1
Maximum,1
Mayday,1
Mayfly,1
Mayhem,1
Mayo,1
Mayonnaise,1
Mayor,1
Meadow,1
Meadow Breeze,1
Meadowlark,1
Meat,1
Meatball,1
Meathead,1
Meathook,1
Meatloaf,1
Mechanic,1
Medallion,1
Medea,1
Mediator,1
Medic,1
Medieval,1
Medipack,1
Medivac,1
Medusa,1
Meep,1
Mega,1
Megaflop,1
Megamind,1
Megaphone,1
Megasaur,1
Megawatt,1
Mek-Fu,1
Mekjock,1
Mekrat,1
MekWarrior,1
Melancholy,1
Mellow,1
Melody,1
Melon,1
Meltdown,1
Memorial,1
Memory,1
Menace,1
Mengde,1
Mensch,1
Mental,1
Mentor,1
Menu,1
Meow,1
Merc,1
Merchant,1
Merciless,1
Mercury,1
Mercy,1
Meridian,1
Merlin,1
Merlot,1
Mermaid,1
Merrow,1
Merry,1
Merry-Go-Round,1
Mesa,1
Messenger,1
Meta,1
Metal,1
Metalhead,1
Metalshard,1
Meteor,1
Meteorite,1
Methuselah,1
Metro,1
Metronome,1
Miasma,1
Micro,1
Microchip,1
Microphone,1
Microscope,1
Microwave,1
Midas,1
Middleman,1
Midgard,1
Midnight,1
Midsummer,1
Midwinter,1
Mighty,1
Mikazuki,1
Mild,1
Milestone,1
Milk,1
Milkman,1
Milkshake,1
Milkyway,1
Miller,1
Millionaire,1
Mime,1
Mimic,1
Mimosa,1
Mincemeat,1
Mind Game,1
Minder,1
Mindful,1
Mindset,1
Minefield,1
Miner,1
Minerva,1
Minimum,1
Minion,1
Minor,1
Minos,1
Minotaur,1
Minstrel,1
Mint,1
Minty Fresh,1
Minuet,1
Minuteman,1
Minx,1
Miracle,1
Mirage,1
Mire,1
Mirror,1
Mischief,1
Miserable,1
Misery,1
Misfire,1
Misfit,1
Mishap,1
Mishmash,1
Miso,1
Miss-A-Lot,1
Missile,1
Missionary,1
Mist,1
Mistake,1
Mistclaw,1
Mistletoe,1
Mistral,1
Miter,1
Mittens,1
Mixer,1
Mjolnir,1
Moai,1
Moat,1
Mobile,1
Mobster,1
Moby Dick,1
Moccasin,1
Mocha,1
Mockingbird,1
Modem,1
Moderate,1
Module,1
Moebius,1
Mogul,1
Mohawk,1
Mojave,1
Mojo,1
Mole,1
Molly,1
Molotov,1
Momentum,1
Mona Lisa,1
Monarch,1
Money,1
Money Bags,1
Money Shot,1
Mongoose,1
Mongrel,1
Monitor,1
Monk,1
Monkey,1
Monkfish,1
Monkshood,1
Monochrome,1
Monocle,1
Monolith,1
Monopoly,1
Monsoon,1
Monster,1
Monster Mash,1
Monument,1
Moo-Moo,1
Mooch,1
Mood Swing,1
Moon,1
Moon Rabbit,1
Moonbase,1
Moonbeam,1
Mooneye,1
Moonflower,1
Moonglow,1
Moonie,1
Moonlight,1
Moonpie,1
Moonrise,1
Moonshine,1
Moonstone,1
Moonveil,1
Moose,1
Moosejaw,1
Moped,1
Moral,1
Morale,1
Moray,1
Mordred,1
Morgana,1
Morning Glory,1
Morning Star,1
Morningdew,1
Morningstar,1
Morpheus,1
Morrow,1
Morse Code,1
Mortality,1
Mortar,1
Moses,1
Mosquito,1
Moss,1
Motel,1
Moth,1
Mothball,1
Mother,1
Motherload,1
Mothership,1
Mothman,1
Motion,1
Motley,1
Motor Mouth,1
Motown,1
Mountain,1
Mourner,1
Mouse,1
Mouse Trap,1
Mouth,1
Mouthwash,1
Mover,1
Moxie,1
Mr. Clean,1
Mu,1
Muckraker,1
Mud,1
Mud Hen,1
Mudbug,1
Mudflap,1
Mudguard,1
Mudpuppy,1
Mudslide,1
Muffin,1
Muffintop,1
Mujina,1
Mulberry,1
Mule,1
Mullet,1
Multigrain,1
Mumble,1
Mumbles,1
Mumbo Jumbo,1
Mummy,1
Munch,1
Muncher,1
Munchkin,1
Mural,1
Muramasa,1
Murderer,1
Murdock,1
Murk,1
Murky,1
Murmillo,1
Murphy's Law,1
Muscles,1
Muse,1
Museum,1
Mushroom,1
Music,1
Music Box,1
Musket,1
Musketeer,1
Muskrat,1
Mustang,1
Mustard,1
Mutant,1
Mutiny,1
Mutt,1
Muttonchops,1
Muzzle,1
MVP,1
Myrmidon,1
Mystery,1
Mystic,1
Mystify,1
Mystique,1
Myth,1
Mythic,1
Nacho,1
Nag,1
Naga,1
Naginata,1
Nail,1
Nail Polish,1
Nailbiter,1
Nailfile,1
Nails,1
Namazu,1
Nano,1
Nanobot,1
Nanofang,1
Napalm,1
Napkin,1
Napoleon,1
Naptime,1
Narcissus,1
Narcolepsy,1
Narwhal,1
Nasty,1
Naugahyde,1
Naughty,1
Nautilus,1
Nav,1
Navigator,1
NavPoint,1
Naysayer,1
Neanderthal,1
Nebula,1
Necromancer,1
Nectar,1
Needle,1
Needlenose,1
Needles,1
Nefertiti,1
Negative,1
Nekomata,1
Nemesis,1
Nemo,1
Neo,1
Neon,1
Neonwave,1
Nephilim,1
Neptune,1
Nerd,1
Nereid,1
Nero,1
Nerve,1
Nest,1
Nettles,1
Network,1
Neuron,1
Neutron,1
Neverland,1
Nevermind,1
Nevermore,1
New Age,1
New Blood,1
Newbie,1
Newsie,1
Newt,1
Newton,1
Nexus,1
Nibbler,1
Nibbles,1
Nickel,1
Nickname,1
Niflheim,1
Nigel,1
Night,1
Night Light,1
Night Lynx,1
Night Mode,1
Night Owl,1
Night Witch,1
Nightcap,1
Nightclub,1
Nightfall,1
Nighthawk,1
Nightingale,1
Nightjar,1
Nightmare,1
Nightshade,1
Nightstalker,1
Nightstick,1
Nightwalker,1
Nightwatch,1
Nihongo,1
Niles,1
Nimble,1
Nimbus,1
Nimrod,1
Nine,1
Ningyo,1
Ninja,1
Nirvana,1
Nitpick,1
Nitro,1
Nitty Gritty,1
Nixie,1
No Mercy,1
No Vacancy,1
Noble,1
Nobody,1
Nocturne,1
Node,1
Noggin,1
Noir,1
Noise,1
Nokken,1
Nolan,1
Nomad,1
Nonlethal,1
Noodle,1
Noodles,1
Nook,1
Noose,1
North,1
Northman,1
Northwind,1
Nosecone,1
Nosedive,1
Nosey,1
Nosferatu,1
Nostradamus,1
Notebook,1
Noteworthy,1
Nothing,1
Nova,1
Nox,1
Nozzle,1
Nu,1
Nugget,1
Nuggets,1
Nuke,1
Null,1
Numb,1
Numbers,1
Nunchaku,1
Nurse,1
Nursemaid,1
Nutcracker,1
Nutmeg,1
Nuts,1
Nutty,1
Nymph,1
Nyx,1
Oaf,1
Oak,1
Oar,1
Oath,1
Oatmeal,1
Obedient,1
Oberon,1
Oblivion,1
Oblivious,1
Oboe,1
Obscure,1
Observer,1
Obsidian,1
Obsolete,1
Ocean,1
Oceanside,1
Ocelot,1
Octane,1
Octo,1
Octopus,1
Oddball,1
Odenta,1
Odin,1
Odinson,1
Odysseus,1
Odyssey,1
Off Duty,1
Offbeat,1
Offroad,1
Ogre,1
Ohm,1
Oil Slick,1
Oiler,1
Ol' Blue,1
Olaf,1
Old Man,1
Old Sock,1
Old Spice,1
Olive,1
Olive Branch,1
Olympia,1
Olympian,1
Omaha,1
Omega,1
Omelet,1
Omen,1
Omni,1
Omnicron,1
Oni,1
Onigiri,1
Onikuma,1
Onimaru,1
Onion,1
Onslaught,1
Onyx,1
Ooze,1
Opal,1
Opaque,1
Open Sesame,1
Opera,1
Ophelia,1
Optic,1
Optimal,1
Opulence,1
Opus,1
Oracle,1
Orange,1
Orbit,1
Orc,1
Orca,1
Orchid,1
Order,1
Ordnance,1
Organ,1
Organic,1
Oriflamme,1
Origami,1
Origin,1
Original,1
Oriole,1
Orion,1
Ornate,1
Orphan,1
Orphanage,1
Orpheus,1
Orthrus,1
Oscar,1
Osiris,1
Osprey,1
Ostrich,1
Otegine,1
Otter,1
Otterhound,1
Ouchie,1
Ouija,1
Ouroboros,1
Outback,1
Outburst,1
Outcast,1
Outhouse,1
Outland,1
Outlaw,1
Outlawed,1
Outlier,1
Outline,1
Outpost,1
Output,1
Outreach,1
Outrider,1
Outrigger,1
Oven,1
Overbite,1
Overboard,1
Overburn,1
Overcast,1
Overcharge,1
Overclock,1
Overcoat,1
Overdrive,1
Overdue,1
Overgrowth,1
Overhaul,1
Overhead,1
Overheat,1
Overkill,1
Overload,1
Overlord,1
Overpass,1
Overrun,1
Overstock,1
Overtime,1
Overture,1
Overwatch,1
Owl,1
Owlman,1
Ox,1
Oyster,1
Oz,1
Ozark,1
Ozone,1
Pacer,1
Pacifist,1
Pack Mule,1
Package,1
Packer,1
Packet,1
Packrat,1
Padlock,1
Pagan,1
Pagoda,1
Paingod,1
Paint,1
Paint Job,1
Paintball,1
Painter,1
Paisley,1
Paladin,1
Pale,1
Palendrome,1
Palerider,1
Palette,1
Palisade,1
Palladium,1
Palmstrike,1
Pamola,1
Pan,1
Panabas,1
Panama,1
Pancake,1
Panda,1
Pandemonium,1
Pandora,1
Pangea,1
Panic,1
Panther,1
Pantry,1
Pants,1
Panzer,1
Papa,1
Paparazzi,1
Paper Bag,1
Paper Tiger,1
Paperclip,1
Papercut,1
Paperweight,1
Paperwork,1
Paprika,1
Papyrus,1
Parabola,1
Paradigm,1
Paradise,1
Paradox,1
Paragon,1
Parallax,1
Paramour,1
Paranoid,1
Parasite,1
Parasol,1
Parchment,1
Parfait,1
Pariah,1
Parkway,1
Parole,1
Parrot,1
Parry,1
Parsec,1
Parsnip,1
Particle,1
Partisan,1
Partner,1
Partridge,1
Partytime,1
Passenger,1
Passion,1
Passkey,1
Passport,1
Password,1
Past Tense,1
Pasta,1
Pastel,1
Pastry,1
Patch,1
Patch-Eye,1
Patches,1
Patchwork,1
Pathfinder,1
Pathogen,1
Patriot,1
Patrol,1
Patron,1
Pattern,1
Patton,1
Pavement,1
Pawn,1
Payback,1
Payday,1
Payload,1
Payroll,1
PDQ,1
Pea,1
Peace,1
Peacebreaker,1
Peacekeeper,1
Peacemaker,1
Peach,1
Peacock,1
Peak,1
Peaks,1
Peanut,1
Peanut Butter,1
Pearl,1
Peasant,1
Pebble,1
Pecan,1
Peddler,1
Pedigree,1
Peekaboo,1
Peel,1
Peer Pressure,1
Peewee,1
Pegasus,1
Pelican,1
Pen,1
Penalty,1
Pencil,1
Pendant,1
Pendragon,1
Penghou,1
Penguin,1
Penny,1
Pennywise,1
Pentagram,1
Pepper,1
Pepperbox,1
Peppermint,1
Percussion,1
Peregrine,1
Perfume,1
Pericles,1
Periscope,1
Periwinkle,1
Permafrost,1
Persephone,1
Perseus,1
Persimmon,1
Peryton,1
Pestilence,1
Petal,1
Petals,1
Petard,1
Peter Pan,1
Petrichor,1
Petticoat,1
Pew-Pew,1
Phalanx,1
Phantom,1
Pharaoh,1
Pheasant,1
Phi,1
Phobia,1
Phobos,1
Phoenix,1
Phosphorus,1
Photo,1
Photon,1
Pi,1
Piano,1
Piccolo,1
Pickelhaube,1
Picker,1
Picket,1
Picket Fence,1
Pickle,1
Pickles,1
Pickup,1
Picnic,1
Picture Perfect,1
Pidge,1
Pie,1
Piece Of Cake,1
Piehole,1
Pierce,1
Pig,1
Pig Iron,1
Pigeon,1
Piglet,1
Pigpen,1
Pigtails,1
Pike,1
Pile Driver,1
Pilgrim,1
Pillager,1
Pillar,1
Pillbug,1
Pillow,1
Pillow Talk,1
Pilot,1
Pimple,1
Pin-Up,1
Pinball,1
Pincer,1
Pinch Hitter,1
Pinchy,1
Pincushion,1
Pine,1
Pine Fresh,1
Pineapple,1
Pinecone,1
Ping Pong,1
Pink,1
Pink Eye,1
Pinky,1
Pinnacle,1
Pinocchio,1
Pinpoint,1
Pinprick,1
Pint,1
Pinto,1
Pinwheel,1
Pioneer,1
Pipe Wrench,1
Pipebomb,1
Pipeline,1
Piper,1
Pipes,1
Piranha,1
Pirate,1
Pirhana,1
Pirouette,1
Pisces,1
Pistachio,1
Pistol,1
Piston,1
Pit Stop,1
Pitbull,1
Pitch Perfect,1
Pitcher,1
Pitchfork,1
Pitfall,1
Pitman,1
Pitstop,1
Pitter-Patter,1
Pivot,1
Pixel,1
Pixie,1
Pizza,1
Pizza Party,1
Pizzazz,1
Plague,1
Plague Doctor,1
Plaid,1
Plan B,1
Plank,1
Plankton,1
Plasma,1
Plastic,1
Platinum,1
Plato,1
Platypus,1
Playboy,1
Player,1
Playground,1
Playwright,1
Plaza,1
Plink,1
Plinkie,1
Plover,1
Plow,1
Plucky,1
Plug,1
Plum,1
Plumado,1
Plumber,1
Plume,1
Plunger,1
Pluto,1
Poacher,1
Pockets,1
Pocus,1
Pod,1
Poem,1
Poet,1
Pogo,1
Pogo Stick,1
Poindexter,1
Point Blank,1
Pointer,1
Pointman,1
Poison,1
Poison Ivy,1
Poker,1
Polar,1
Polar Bear,1
Polaris,1
Polecat,1
Polished,1
Polka,1
Polka Dot,1
Pollen,1
Polliwog,1
Polly,1
Polt,1
Poltergeist,1
Pomegranate,1
Pommel,1
Pompadour,1
Poncho,1
Pontoon,1
Pony,1
Pooch,1
Poodle,1
Pooka,1
Pop,1
Pop Star,1
Popcorn,1
Pope,1
Popeye,1
Popgun,1
Popper,1
Poppy,1
Poppycock,1
Pops,1
Popshot,1
Porcelain,1
Porcupine,1
Pork Chop,1
Porkers,1
Porkpie,1
Porky,1
Portal,1
Porthos,1
Poseidon,1
Positron,1
Possibilities,1
Possum,1
Poster,1
Postie,1
Postman,1
Potato,1
Potbelly,1
Pothole,1
Potion,1
Potluck,1
Potpourri,1
Potshot,1
Poultry,1
Pounce,1
Poundcake,1
Poutine,1
Powderkeg,1
Powderpuff,1
Powergrid,1
Powerhawk,1
Powerhouse,1
Powerline,1
Pox,1
Praetorian,1
Prairie,1
Prancer,1
Prankster,1
Pratfall,1
Preacher,1
Precious,1
Predator,1
Premier,1
Premium,1
Premonition,1
President,1
Pressure,1
Prestige,1
Presto,1
Pretzel,1
Prey,1
Prickleback,1
Prickly,1
Prickly Pear,1
Pride,1
Priest,1
Prima Donna,1
Prime,1
Primer,1
Primetime,1
Primo,1
Primrose,1
Prince,1
Princess,1
Prism,1
Pristine,1
Private Eye,1
Privateer,1
Privilege,1
Prize,1
Probability,1
Probe,1
Prodigal,1
Prodigy,1
Professor,1
Profit,1
Promenade,1
Prometheus,1
Prompt,1
Pronto,1
Propane,1
Prophecy,1
Prophet,1
Protean,1
Protector,1
Protein,1
Protocol,1
Proton,1
Prototype,1
Provocator,1
Provost,1
Prowl,1
Prowler,1
Proxima,1
Prudent,1
Psalm,1
Psi,1
Psych Out,1
Psyche,1
Psychic,1
Psycho,1
Psycho Doll,1
Pterodactyl,1
Puck,1
Pudding,1
Puddle Jumper,1
Puddles,1
Pudge,1
Pueblo,1
Puff,1
Puffball,1
Puffbird,1
Puffin,1
Puffy,1
Pugilist,1
Pull My Finger,1
Pulley,1
Pulsar,1
Pulse,1
Pulseblade,1
Puma,1
Pummel,1
Pumpernickel,1
Pumpkin,1
Pun,1
Punchcard,1
Punches,1
Punchline,1
Punchy,1
Punisher,1
Punishment,1
Punk,1
Puppet,1
Puppet Master,1
Puppy,1
Purdy,1
Purgatory,1
Purity,1
Purple,1
Purse,1
Pursuer,1
Pushpin,1
Putter,1
Putty,1
Puzzle,1
Pygmy,1
Pylon,1
Pyramid,1
Pyre,1
Pyro,1
Pyrrhic,1
Pythagoras,1
Python,1
Qilin,1
Quack,1
Quackers,1
Quagmire,1
Quail,1
Quake,1
Quality,1
Quantum,1
Quark,1
Quarrel,1
Quarry,1
Quarterback,1
Quarterdeck,1
Quartermaster,1
Quartz,1
Quasar,1
Quasimodo,1
Queen,1
Queen Bee,1
Queenie,1
Quench,1
Quest,1
Question,1
Quick,1
Quickdraw,1
Quicksand,1
Quickshot,1
Quicksilver,1
Quickstrike,1
Quiet,1
Quill,1
Quiver,1
Quizshow,1
Quote,1
Rabbi,1
Rabbit,1
Rabble,1
Rabies,1
Raccoon,1
Racehorse,1
Racer,1
Racetrack,1
Rack,1
Racket,1
Rad,1
Radar,1
Radburn,1
Radiance,1
Radiant,1
Radio,1
Radiowave,1
Radish,1
Radium,1
Raft,1
Rafter,1
Ragamuffin,1
Ragdoll,1
Rage,1
Ragnar,1
Ragnarok,1
Ragnor,1
Ragtag,1
Ragtime,1
Ragtop,1
Raid,1
Raider,1
Raijin,1
Railgun,1
Rain,1
Rain Bird,1
Rainbow,1
Raincoat,1
Raindrop,1
Rainfall,1
Rajah,1
Rake,1
Rally,1
Rambler,1
Rambo,1
Ramen,1
Ramjet,1
Rampage,1
Rampart,1
Ramps,1
Ramrod,1
Ramses,1
Rancher,1
Rancid,1
Range-Bull,1
Ranger,1
Ransack,1
Ranseur,1
Rapidfire,1
Rapier,1
Raptor,1
Rapture,1
Rapunzel,1
Rare,1
Rascal,1
Raspberry,1
Rasputin,1
Rat,1
Rat Party,1
Rat Trap,1
Ratbag,1
Ratchet,1
Rattle,1
Rattler,1
Rattlesnake,1
Rattletrap,1
Ravage,1
Ravager,1
Rave,1
Raven,1
Raveneye,1
Ravenstar,1
Raver,1
Ravine,1
Rawhide,1
Rawr,1
Ray,1
Raygun,1
Rayshine,1
Razor,1
Razorback,1
Razorcat,1
Razorline,1
Razzle Dazzle,1
Reach,1
Reactor,1
Readout,1
Ready,1
Real Talk,1
Reaper,1
Rear View,1
Rearguard,1
Reason,1
Rebar,1
Rebel,1
Reboot,1
Rebound,1
Recharge,1
Reckless,1
Reclaimer,1
Recluse,1
Recoil,1
Recon,1
Recovery,1
Recruit,1
Rector,1
Recycle,1
Recycler,1
Red,1
Red Alert,1
Red Card,1
Red Comet,1
Red Flag,1
Red Handed,1
Red Hot,1
Red Star,1
Red Velvet,1
Red Zone,1
Redcap,1
Redeemer,1
Redeye,1
Redline,1
Redshirt,1
Redwing,1
Redwood,1
Reed,1
Refactor,1
Referee,1
Refined,1
Reflect,1
Reforge,1
Refraction,1
Refrigerator,1
Refuge,1
Regal,1
Regent,1
Reggae,1
Regulator,1
Regulus,1
Rehab,1
Reheat,1
Reign,1
Rein,1
Reindeer,1
Relay,1
Relentless,1
Reliable,1
Reliant,1
Relic,1
Relief,1
Rematch,1
Remedy,1
Remix,1
Remnant,1
Remora,1
Remote,1
Renaissance,1
Renegade,1
Renown,1
Repeater,1
Repent,1
Replacement,1
Replicant,1
Repo,1
Reptile,1
Repurpose,1
Requiem,1
Rerun,1
Rescue,1
Researcher,1
Reserve,1
Reservoir,1
Reset,1
Resilient,1
Resistor,1
Resolute,1
Resolve,1
Resource,1
Restless,1
Retaliation,1
Retcon,1
Reticle,1
Retriever,1
Retro,1
Reunion,1
Rev,1
Revenant,1
Revenge,1
Reverb,1
Revere,1
Revolt,1
Revolution,1
Revolver,1
Rewind,1
Rewire,1
Rewrite,1
Rex,1
Rhea,1
Rhino,1
Rho,1
Rhubarb,1
Rhyme,1
Rhythm,1
Rib-Eye,1
Ribbon,1
Riches,1
Richter,1
Rico,1
Ricochet,1
Riddle,1
Riddler,1
Ride Along,1
Rider,1
Ridge,1
Ridgeback,1
Ridgehound,1
Ridgeline,1
Riff,1
Riffraff,1
Rifle,1
Rifleman,1
Rift,1
Rig,1
Rigel,1
Righteous,1
Rigid,1
Rigs,1
Rime,1
Rimshot,1
Ringer,1
Ringman,1
Ringmaster,1
Ringo,1
Riot,1
RIP,1
Ripcord,1
Ripley,1
Ripper,1
Ripple,1
Ripsaw,1
Ripstop,1
Riptide,1
Risky,1
Ritual,1
Rival,1
River,1
Rivet,1
Roach,1
Roach Hotel,1
Road Flare,1
Road Pig,1
Road Rage,1
Roadblock,1
Roadie,1
Roadkill,1
Roadrash,1
Roadrunner,1
Roast,1
Robin,1
Roboto,1
Robust,1
Roc,1
Rock,1
Rock Bottom,1
Rock Candy,1
Rock n Roll,1
Rock Solid,1
Rocket,1
Rockfall,1
Rockjaw,1
Rockslide,1
Rockstar,1
Rocky,1
Rodeo,1
Rogue,1
Roguewave,1
Roid Rage,1
Roids,1
Roland,1
Rolex,1
Rollbar,1
Roller,1
Roller Skate,1
Rollout,1
Rolly Polly,1
Roman,1
Romantic,1
Romeo,1
Rommel,1
Ronin,1
Roofline,1
Rooftop,1
Rook,1
Rookie,1
Roosevelt,1
Rooster,1
Root,1
Root Beer,1
Ropeburn,1
Rose,1
Rose Gold,1
Rosebud,1
Rosehip,1
Rosemary,1
Rosetta,1
Rosewater,1
Rosewood,1
Rot,1
Rotary,1
Rotgut,1
Rotor,1
Rotten,1
Rottweiler,1
Rouge,1
Roughneck,1
Roughrider,1
Roulette,1
Round Up,1
Roundabout,1
Rounder,1
Roundhouse,1
Roundup,1
Router,1
Rover,1
Rowboat,1
Rowdy,1
Royal,1
Royal Flush,1
Royale,1
Royalties,1
Rubber,1
Rubber Duck,1
Rubberband,1
Rubbish,1
Rubble,1
Rube,1
Rubius,1
Ruby,1
Rudder,1
Rude,1
Rude Dog,1
Rufus,1
Rugby,1
Ruin,1
Rum,1
Rum Runner,1
Rumble,1
Rumble Tumble,1
Rumbler,1
Rumormonger,1
Run Around,1
Runaway,1
Rune,1
Runesmith,1
Runner,1
Runs With Scissors,1
Runt,1
Runtime,1
Runway,1
Rusalka,1
Rush,1
Rushhour,1
Rust Bucket,1
Rustbucket,1
Rustler,1
Ruststorm,1
Rusty,1
Rusty Joe,1
Rusty Nail,1
Rutabaga,1
Ruthless,1
Rye,1
Rye Bread,1
Ryobu,1
S'more,1
Saber,1
Sabertooth,1
Saberwing,1
Sable,1
Sabot,1
Sabotage,1
Saboteur,1
Sack,1
Sacrifice,1
Saddlesore,1
Sadist,1
Sadsack,1
Safari,1
Safeguard,1
Safety,1
Saffron,1
Saga,1
Sage,1
Sagebrush,1
Saggy,1
Sagittarius,1
Sahara,1
Sai,1
Sailor,1
Saint,1
Sake,1
Salad,1
Salamander,1
Salaryman,1
Salesman,1
Salmon,1
Salsa,1
Salt,1
Salt Lick,1
Salt Shaker,1
Salt Water,1
Saltfang,1
Salty Dog,1
Salvage,1
Salvager,1
Salvo,1
Samba,1
Samnite,1
Samson,1
Samurai,1
Sanctuary,1
Sanctum,1
Sand Trap,1
Sand Wedge,1
Sandalwood,1
Sandbag,1
Sandbar,1
Sandcastle,1
Sandhog,1
Sandman,1
Sandstorm,1
Sandwich,1
Sandy,1
Sanguine,1
Santa,1
Sapper,1
Sapphire,1
Sardine,1
Sardonic,1
Saros,1
Sasquatch,1
Sassafras,1
Sassy,1
Satellite,1
Satin,1
Satori,1
Saturn,1
Satyr,1
Sauce,1
Saucer,1
Sauerkraut,1
Sausage,1
Savage,1
Savannah,1
Savate,1
Savior,1
Savvy,1
Sawblade,1
Sawbuck,1
Sawmill,1
Saxon,1
Scab,1
Scales,1
Scallywag,1
Scalpel,1
Scamper,1
Scandal,1
Scanner,1
Scar,1
Scarab,1
Scarecrow,1
Scarf,1
Scarface,1
Scarlet,1
Scars,1
Scary,1
Scatterbrain,1
Scattershot,1
Scavenger,1
Scenic Route,1
Scepter,1
Schoolhouse,1
Schooner,1
Scientist,1
Scimitar,1
Scion,1
Scissor,1
Scissors,1
Scofflaw,1
Scone,1
Scoop,1
Scooter,1
Scope,1
Scorch,1
Score,1
Scorn,1
Scorpio,1
Scorpion,1
Scorpius,1
Scotch,1
Scoundrel,1
Scourge,1
Scout,1
Scramble,1
Scrambled Eggs,1
Scrap,1
Scrap Iron,1
Scrapheap,1
Scrapmetal,1
Scrapper,1
Scrappy,1
Scrappy Jack,1
Scratchy,1
Screamer,1
Screw,1
Screwball,1
Screwdriver,1
Screwloose,1
Scribble,1
Scribe,1
Scrimshaw,1
Scroll,1
Scrooge,1
Scruff,1
Scruffer,1
Scruffy,1
Scuba,1
Scuffle,1
Sculpin,1
Scumbag,1
Scurvy,1
Scylla,1
Scythe,1
Sea Dragon,1
Sea Lord,1
Sea Shanty,1
Sea Witch,1
Seabed,1
Seabird,1
Seabreeze,1
Seadog,1
Seafoam,1
Seafood,1
Seagull,1
Seahorse,1
Seal,1
Sealion,1
Searchlight,1
Seashell,1
Seasick,1
Seaspray,1
Seatbelt,1
Seaweed,1
Secret,1
Secretary,1
Secrets,1
Secutor,1
Seed,1
Seedling,1
Seeker,1
Seelie,1
Seer,1
Seeya,1
Seismic,1
Selene,1
Selfie,1
Selket,1
Selkie,1
Senate,1
Senator,1
Seneschal,1
Sensei,1
Sentinel,1
Sentry,1
Sentry Crow,1
Sepia,1
Septic,1
Sequence,1
Sequoia,1
Seraph,1
Serenade,1
Serenity,1
Sergeant,1
Serial,1
Serpent,1
Serpentine,1
Servo,1
Sesame,1
Set,1
Set Up,1
Sever,1
Severe,1
Sewage,1
Shackle,1
Shade,1
Shadeborn,1
Shades,1
Shadow,1
Shadowbane,1
Shadowcat,1
Shadowdancer,1
Shadowfiend,1
Shadowrun,1
Shadowstar,1
Shadowstrike,1
Shady,1
Shaft,1
Shaggy,1
Shakes,1
Shakespeare,1
Shallot,1
Shallow,1
Shaman,1
Shambler,1
Shamrock,1
Shank,1
Shantytown,1
Shaolin,1
Shard,1
Shark,1
Sharkeye,1
Sharp,1
Sharp Stick,1
Sharp Tooth,1
Sharpshooter,1
Sharpshot,1
Shatter,1
Shatterpoint,1
Shear,1
Sheep,1
Sheet,1
Sheet Metal,1
Shell,1
Shell Shock,1
Shellcode,1
Shellfish,1
Shelly,1
Shelter,1
Shepherd,1
Sherbet,1
Sheriff,1
Sherlock,1
Sherpa,1
Shibboleth,1
Shield,1
Shieldbreaker,1
Shieldmaiden,1
Shifter,1
Shifty,1
Shill,1
Shimmer,1
Shindig,1
Shinobi,1
Shiny,1
Shipshape,1
Shipwreck,1
Shiv,1
Shiva,1
Shiver,1
Shivers,1
Shoal,1
Shock,1
Shock Jock,1
Shocker,1
Shockwave,1
Shoe,1
Shoelace,1
Shoeshine,1
Shoestring,1
Shoggoth,1
Shogun,1
Shooter,1
Shooting Star,1
Shopping Cart,1
Shore,1
Shoreline,1
Short Fuse,1
Short Straw,1
Shortbread,1
Shortlist,1
Shortstop,1
Shortwave,1
Shortwire,1
Shorty,1
Shotel,1
Shotglass,1
Shotgun,1
Shout Out,1
Shovel,1
Showbiz,1
Showboat,1
Showcase,1
Showdown,1
Showtime,1
Shrapnel,1
Shredder,1
Shriek,1
Shrike,1
Shrimp,1
Shrine,1
Shrink,1
Shroom,1
Shroud,1
Shuffle,1
Shuriken,1
Shut-In,1
Shutter,1
Shutterbug,1
Shuttle,1
Sicilian,1
Sickle,1
Sidearm,1
Sidecar,1
Sidekick,1
Sideshow,1
Sideswipe,1
Sidetrack,1
Sidewalk,1
Sideways,1
Sidewinder,1
Siege,1
Siegehound,1
Sierra,1
Siesta,1
Sif,1
Sigil,1
Sigma,1
Signal,1
Signals,1
Signs,1
Sigurd,1
Silat,1
Silence,1
Silencer,1
Silent,1
Silhouette,1
Silk,1
Silky,1
Silly String,1
Silver,1
Silver Bullet,1
Silver Eagle,1
Silver Lining,1
Silverback,1
Simurgh,1
Sinful,1
Sing Song,1
Singularity,1
Sinister,1
Sinkhole,1
Sinner,1
Siren,1
Sirius,1
Sirocco,1
Sitting Duck,1
Six Shooter,1
Sixpack,1
Sizzle,1
Sizzler,1
Sjambok,1
Skadi,1
Skater,1
Skedaddle,1
Skeet,1
Skeleton,1
Skeptic,1
Sketch,1
Skewer,1
Skid,1
Skidmark,1
Skidoo,1
Skids,1
Skiff,1
Skimmer,1
Skinner,1
Skinny,1
Skipjack,1
Skipper,1
Skippy,1
Skittles,1
Skull,1
Skullcap,1
Skulls,1
Skully,1
Skunk,1
Sky,1
Skydancer,1
Skye,1
Skyfall,1
Skyhawk,1
Skylark,1
Skyline,1
Skyscraper,1
Skyward,1
Slab,1
Slab Bulkhead,1
Slacker,1
Slag,1
Slalom,1
Slam,1
Slam Dunk,1
Slammer,1
Slapdash,1
Slappy,1
Slapshot,1
Slapstick,1
Slash,1
Slasher,1
Slate,1
Slaughter,1
Slaw,1
Slay,1
Slayer,1
Sledge,1
Sledgehammer,1
Sleek,1
Sleeper,1
Sleepwalker,1
Sleepy,1
Sleepyhead,1
Sleet,1
Sleipnir,1
Sleuth,1
Slicer,1
Slick,1
Slick Rick,1
Slider,1
Sliderule,1
Slightly,1
Slim,1
Slime,1
Slinger,1
Slingshot,1
Slinky,1
Slip,1
Slipper,1
Slipstick,1
Slipstream,1
Sliver,1
Sloth,1
Slow Burn,1
Slow-Mo,1
Slowpoke,1
Sludge,1
Slug,1
Slugger,1
Sluggo,1
Slumber,1
Slumlord,1
Slurpee,1
Slush,1
Slushy,1
Sly,1
Smacktalk,1
Smallfry,1
Smash,1
Smell This,1
Smelt,1
Smiley,1
Smirk,1
Smog,1
Smoke,1
Smoke Signal,1
Smokebomb,1
Smokehouse,1
Smokejumper,1
Smokes,1
Smokescreen,1
Smokestack,1
Smolder,1
Smooches,1
Smooth Jazz,1
Smudge,1
Smug,1
Smuggler,1
Snafu,1
Snaggle,1
Snail,1
Snake,1
Snake Eyes,1
Snake Oil,1
Snakebite,1
Snakeroot,1
Snakewood,1
Snap,1
Snapdragon,1
Snapper,1
Snapping Turtle,1
Snappy,1
Snapshot,1
Snarl,1
Sneak,1
Sneaker,1
Sneaky,1
Sneezy,1
Snicker,1
Snickerdoodle,1
Snickers,1
Snip,1
Sniper,1
Snippy,1
Snitch,1
Snocone,1
Snoop,1
Snooze Button,1
Snort,1
Snot,1
Snow,1
Snow White,1
Snowball,1
Snowbank,1
Snowbird,1
Snowbound,1
Snowcone,1
Snowdrift,1
Snowfall,1
Snowfang,1
Snowflake,1
Snowfox,1
Snowjob,1
Snowman,1
Snowshoe,1
Snowstorm,1
Snowwolf,1
Snubnose,1
Soap,1
Soapbox,1
Sobek,1
Social Disease,1
Socialite,1
Socket,1
Sockpuppet,1
Socks,1
Socrates,1
Soda Pop,1
Sodium,1
Sofa,1
Soft Serve,1
Softball,1
Softpoint,1
Software,1
Soggy,1
Soggy Dog,1
Soiree,1
Solar,1
Solar Panel,1
Solarflare,1
Soldier,1
Solemn,1
Solid,1
Solitaire,1
Solitude,1
Solo,1
Solomon,1
Solstice,1
Somber,1
Sombrero,1
Sonar,1
Sonata,1
Songbird,1
Sonic,1
Sonic Boom,1
Soot,1
Sorbet,1
Sorcerer,1
Sorrow,1
Sorry,1
Sortie,1
Soul,1
Soulfire,1
Sound,1
Sounder,1
Soup,1
Soup Can,1
Sourbug,1
Sourdough,1
Sourpuss,1
South,1
Southpaw,1
Souvlaki,1
Sovereign,1
Spacer,1
Spaceship,1
Spacey,1
Spade,1
Spaghetti,1
Spam,1
Spaniel,1
Spanner,1
Spar,1
Spare Diaper,1
Spare Parts,1
Spark,1
Sparkjaw,1
Sparkle,1
Sparkler,1
Sparkles,1
Sparkplug,1
Sparks,1
Sparky,1
Sparrow,1
Sparrowhawk,1
Sparta,1
Spartacus,1
Spartan,1
Spatha,1
Spawn,1
Speakeasy,1
Speaker,1
Spear,1
Spearhead,1
Spearmint,1
Spectacle,1
Specter,1
Spectra,1
Spectrum,1
Speedbird,1
Speedster,1
Speedy,1
Spender,1
Spetum,1
Sphere,1
Sphinx,1
Spice,1
Spicy,1
Spider,1
Spider Monkey,1
Spigot,1
Spike,1
Spinalcord,1
Spindle,1
Spindrift,1
Spinkick,1
Spinner,1
Spiral,1
Spire,1
Spirit,1
Spitball,1
Spiteful,1
Spitfire,1
Spitter,1
Splash,1
Splashdown,1
Splendor,1
Splice,1
Splinter,1
Split,1
Splitkick,1
Spoiler,1
Spoilsport,1
Sponge,1
Spook,1
Spooky,1
Spoon,1
Spork,1
Sport,1
Sportsman,1
Spot,1
Spotlight,1
Spotter,1
Sprawl,1
Spraycan,1
Spreadsheet,1
Spring,1
Sprinkles,1
Sprint,1
Sprinter,1
Sprite,1
Sprocket,1
Sprout,1
Spruce,1
Spud,1
Spud Muffin,1
Spur,1
Spyglass,1
Squad,1
Squadron,1
Squall,1
Square,1
Squatter,1
Squawk,1
Squeaks,1
Squeegee,1
Squib,1
Squid,1
Squire,1
Squirrel,1
Squirt,1
Squirtgun,1
Squishy,1
Stack,1
Stadium,1
Stag,1
Stagehand,1
Stain,1
Stainless,1
Stairwell,1
Stake,1
Stakeout,1
Stalemate,1
Stalk,1
Stalker,1
Stallion,1
Stalwart,1
Stamina,1
Stampede,1
Stance,1
Stand-Up,1
Standard,1
Stanza,1
Staple,1
Star,1
Starbird,1
Starboard,1
Starbreaker,1
Starbuck,1
Starburst,1
Starch,1
Starchild,1
Stardust,1
Starfall,1
Starfire,1
Starfish,1
Stargazer,1
Starlight,1
Starling,1
Starlit,1
Starlord,1
Starman,1
Starpath,1
Starry,1
Starstruck,1
Startup,1
Starward,1
Stash,1
Static,1
Station,1
Statistic,1
Steadfast,1
Steak,1
Stealth,1
Steam,1
Steam Whistle,1
Steamer Duck,1
Steamfitter,1
Steamroller,1
Steel,1
Steeler,1
Steeljaw,1
Steeltoe,1
Steelwolf,1
Steeplechase,1
Stella,1
Stem,1
Stepchild,1
Stereo,1
Sterling,1
Stern,1
Steroid,1
Stick,1
Stick Figure,1
Stiffarm,1
Stigma,1
Stiletto,1
Sting,1
Stinger,1
Stingray,1
Stinkbomb,1
Stinkbug,1
Stinky,1
Stitch,1
Stitches,1
Stoat,1
Stockade,1
Stogie,1
Stoic,1
Stomp,1
Stone,1
Stone Cold,1
Stonefish,1
Stonehenge,1
Stoner,1
Stop Sign,1
Stork,1
Storm,1
Stormbreaker,1
Stormchaser,1
Stormcloud,1
Stormfront,1
Stormhammer,1
Stormhound,1
Storyboard,1
Storyteller,1
Stout,1
Stowaway,1
Strafe,1
Straggler,1
Straight Edge,1
Stranger,1
Strangler,1
Strap,1
Stratosphere,1
Stratus,1
Strawberry,1
Stray,1
Stray Cat,1
Streak,1
Streaker,1
Stream,1
Street Rat,1
Streetlamp,1
Streetwise,1
Strength,1
Stress,1
Stretch,1
Stretcher,1
Strider,1
Strike,1
Strikeout,1
Striker,1
Strings,1
Strip,1
Stripe,1
Stripes,1
Strix,1
Strobe,1
Stroganoff,1
Stromboli,1
Strongarm,1
Stronghold,1
Strudel,1
Strut,1
Stubborn,1
Stuffed Shirt,1
Stuka,1
Stumpy,1
Stungun,1
Stuntman,1
Sturgeon,1
Sturm,1
Stygian,1
Styx,1
Sub Woofer,1
Sublime,1
Submarine,1
Submerge,1
Subnet,1
Subroutine,1
Subtle,1
Suburbia,1
Subway,1
Success,1
Suck Up,1
Sucker,1
Sudden Death,1
Sudoku,1
Sugar,1
Sugar Baby,1
Sugar Plum,1
Sugar Rush,1
Sugarcoat,1
Sugari no Ontachi,1
Sulfur,1
Sulk,1
Sulphur,1
Sultan,1
Summer,1
Summit,1
Summoner,1
Sumo,1
Sunbeam,1
Sunburn,1
Sunburst,1
Sundae,1
Sundance,1
Sundawn,1
Sunder,1
Sundog,1
Sundown,1
Sunfish,1
Sunflare,1
Sunflower,1
Sunglasses,1
Sunlight,1
Sunny,1
Sunrise,1
Sunset,1
Sunshine,1
Sunspot,1
Supercell,1
Supernova,1
Supersonic,1
Suppressor,1
Supreme,1
Sureshot,1
Surf,1
Surfer,1
Surge,1
Surgeon,1
Surgical,1
Surly,1
Surprise,1
Surreal,1
Survivor,1
Sushi,1
Suspect,1
Swag,1
Swagger,1
Swallow,1
Swamp,1
Swamp Thing,1
Swampy,1
Swan,1
Swan Song,1
Swanky,1
Swarm,1
Swashbuckler,1
Swear Jar,1
Sweatervest,1
Sweep,1
Sweeper,1
Sweet,1
Sweet Dreams,1
Sweet n Sour,1
Sweetheart,1
Sweetness,1
Swell,1
Swerve,1
Swift,1
Swindle,1
Swindler,1
Swine Flu,1
Swing,1
Swirl,1
Switch,1
Switchback,1
Switchblade,1
Swoop,1
Swordfish,1
Swordplay,1
Sycamore,1
Sylph,1
Symmetry,1
Symphony,1
Synapse,1
Sync,1
Syndrome,1
Synergy,1
Syrup,1
Sysop,1
T-Bone,1
T-Rex,1
T-Wrecks,1
Tablet,1
Tabletop,1
Tabloid,1
Taboo,1
Tabula Rasa,1
Tackle Box,1
Taco Tuesday,1
Tactical,1
Taffeta,1
Taffy,1
Tag Team,1
Tagalong,1
Taiaha,1
Tailgate,1
Tailor,1
Tailpipe,1
Tails,1
Tailspin,1
Tailwind,1
Taipan,1
Takeout,1
Takoba,1
Talibong,1
Talisman,1
Talky,1
Tall Tale,1
Tally,1
Tally Ho,1
Talon,1
Talonfire,1
Talonstrike,1
Tambourine,1
Tangent,1
Tangle,1
Tango,1
Taniwha,1
Tank,1
Tankbuster,1
Tanker,1
Tantrum,1
Tanuki,1
Tap Dance,1
Tapeworm,1
Tapioca,1
Tapir,1
Tapper,1
Taproom,1
Tarantula,1
Tarbox,1
Tardy,1
Target,1
Tariq,1
Tarise,1
Tarmac,1
Tarot,1
Tartan,1
Tartar Sauce,1
Tartarus,1
Tarzan,1
Taskmaster,1
Tasteless,1
Tasty,1
Tater,1
Tater Tot,1
Tattle,1
Tattoo,1
Tau,1
Taurus,1
Taxes,1
Taxi,1
Taxman,1
Tazer,1
Tea Kettle,1
Teabag,1
Teacher,1
Teacup,1
Teal,1
Teardrop,1
Tearjerker,1
Tease,1
Teatime,1
Tech,1
Techhound,1
Techno,1
Tectonic,1
Teddy,1
Teddy Bear,1
Teeth,1
Teflon,1
Telegraph,1
Telepath,1
Telescope,1
Telltale,1
Tempest,1
Templar,1
Tempo,1
Tempus,1
Ten Pin,1
Ten-Four,1
Tenacious,1
Tenderfoot,1
Tengu,1
Tennis,1
Tenor,1
Tentacles,1
Tequila,1
Tercel,1
Teriyaki,1
Terminal,1
Terminator,1
Termite,1
Terra,1
Terracotta,1
Terrible,1
Terrier,1
Terrific,1
Terror,1
Terrorbird,1
Tesla,1
Tesseract,1
Test Pilot,1
Test Tube,1
Tetanus,1
Tetrad,1
Texas,1
Textbook,1
Thalassa,1
Thane,1
Thatcher,1
Thaumaturge,1
Thaw,1
The Bomb,1
The Count,1
Theory,1
Therapist,1
Theropod,1
Theseus,1
Thespian,1
Theta,1
Thief,1
Thimble,1
Thin Ice,1
Thinker,1
Third Degree,1
Thirteen,1
Thistle,1
Thor,1
Thorax,1
Thorn,1
Thornback,1
Thorns,1
Thorny,1
Thoth,1
Thought,1
Thoughts n Prayers,1
Thracian,1
Thraex,1
Thrall,1
Thrash,1
Thrasher,1
Thread,1
Threadcutter,1
Thresher,1
Thriller,1
Throttle,1
Thrush,1
Thrust,1
Thud,1
Thug,1
Thumb,1
Thumbtack,1
Thumper,1
Thunder,1
Thunder Lizard,1
Thunderbird,1
Thunderbolt,1
Thunderclap,1
Thunderclaw,1
Thunderer,1
Thunderhead,1
Tiamat,1
Tiara,1
Tick,1
Ticket,1
Tickles,1
Ticktock,1
Tidal,1
Tidal Wave,1
Tidbit,1
Tide,1
Tidepool,1
Tie-Dye,1
Tiger,1
Tigerclaw,1
Tigertail,1
Tigger,1
Tikbalang,1
Timber,1
Timberwolf,1
Time Bomb,1
Time Warp,1
Timekeeper,1
Timeless,1
Timeline,1
Timeslice,1
Timezone,1
Timid,1
Tin Can,1
Tin Man,1
Tinderbox,1
Tinfoil,1
Tinker,1
Tinkerbell,1
Tiny,1
Tip Toe,1
Tip Top,1
Tiramisu,1
Tire Fire,1
Tireless,1
Tissue,1
Titan,1
Titania,1
Titanic,1
Titanium,1
Tizona,1
TNT,1
Toad,1
Toad-fox,1
Toadstool,1
Toast,1
Toaster,1
Toasty,1
Tobacco,1
Toejam,1
Toenail,1
Toffee,1
Tofu,1
Toga,1
Toggle,1
Toilet,1
Token,1
Tomahawk,1
Tomato,1
Tomb,1
Tomboy,1
Tombstone,1
Tonbokiri,1
Tongue,1
Tongue Twister,1
Tonic,1
Tool,1
Toolbox,1
Tooth Fairy,1
Toothbrush,1
Toothless,1
Toothpaste,1
Toothpick,1
Toothsome,1
Toothy,1
Top Dog,1
Top Gun,1
Top Notch,1
Top Shelf,1
Topaz,1
Topshot,1
Topspin,1
Topsy-Turvy,1
Torch,1
Torchlight,1
Torment,1
Tornado,1
Toro,1
Torpedo,1
Torque,1
Torrent,1
Tortoise,1
Totem,1
Tots,1
Toucan,1
Tough Cookie,1
Tough Luck,1
Tow Truck,1
Tower,1
Toxic,1
Toybox,1
Toymaker,1
Tracer,1
Traceroute,1
Track,1
Tracker,1
Tracks,1
Tractor,1
Trademark,1
Traffic,1
Tragic,1
Trail Boss,1
Trailblaze,1
Trailblazer,1
Train,1
Trainer,1
Traitor,1
Tramp,1
Trample,1
Trampoline,1
Trance,1
Tranquility,1
Transistor,1
Transit,1
Trap,1
Trap Door,1
Trapeze,1
Trapline,1
Trapper,1
Trash,1
Trashcan,1
Trashfire,1
Trashtalk,1
Trauma,1
Traveller,1
Tread,1
Treadmark,1
Treasure,1
Treble,1
Trebuchet,1
Tree,1
Treehouse,1
Treehugger,1
Tremor,1
Trench,1
Trencher,1
Trespasser,1
Triad,1
Trial,1
Triangle,1
Triceratops,1
Tricks,1
Trickshot,1
Trickster,1
Tricky,1
Trident,1
Trident Hawk,1
Trifecta,1
Trig,1
Trigger,1
Trigger Happy,1
Trike,1
Trilobyte,1
Trilogy,1
Trinity,1
Trinket,1
Trip,1
Tripod,1
Tripwire,1
Triton,1
Triumph,1
Trivia,1
Trixie,1
Trojan,1
Troll,1
Trolley,1
Trombone,1
Trooper,1
Trophy,1
Tropic,1
Tropical,1
Troubadour,1
Trouble,1
Troublemaker,1
Troubleshooter,1
Trout,1
Troy,1
Truce,1
Truck,1
Trucker,1
Truffle,1
Trumpet,1
Truncheon,1
Trunks,1
Trusty,1
Truth,1
Tsuchigumo,1
Tsunami,1
Tuba,1
Tubbs,1
Tugboat,1
Tulip,1
Tulpa,1
Tumble,1
Tumbleweed,1
Tumor,1
Tuna,1
Tundra,1
Tunnel,1
Tunnel Rat,1
Tunnels,1
Tupilaq,1
Turban,1
Turbine,1
Turbo,1
Turbulence,1
Turk,1
Turkey,1
Turnaround,1
Turncoat,1
Turnip,1
Turpentine,1
Turquoise,1
Turtle,1
Tusk,1
Tusks,1
Tutankhamun,1
Tuxedo,1
Tweed,1
Twilight,1
Twin,1
Twinkle,1
Twinkletoes,1
Twirl,1
Twisted,1
Twister,1
Twitch,1
Two Face,1
Two Tap,1
Two Times,1
Two-Dog,1
Two-Strike,1
Two-Ton,1
Two-Tone,1
Typewriter,1
Typhon,1
Typhoon,1
Tyrant,1
Tyrfing,1
U-Turn,1
UFO,1
Ugly Duckling,1
Ukulele,1
Ullr,1
Ultimatum,1
Ulysses,1
Umber,1
Umbra,1
Umbrella,1
Umlaut,1
Umpire,1
Unbroken,1
Unchained,1
Uncle,1
Underboss,1
Undercover,1
Underdog,1
Underground,1
Underhand,1
Underminer,1
Underpass,1
Undertaker,1
Undertone,1
Undertow,1
Undine,1
Unforged,1
Unga Bunga,1
Unicorn,1
Unicycle,1
Union,1
Unity,1
Universal,1
Unknown,1
Unlucky,1
Unruly,1
Unseen,1
Untamed,1
Unworthy,1
Updraft,1
Upgrade,1
Uppercut,1
Uproar,1
Upsilon,1
Upstart,1
Uptight,1
Uptown,1
Uranium,1
Urbanite,1
Urbie,1
Urchin,1
Urge,1
Urinal,1
Ursa,1
Ursula,1
Used Towel,1
Usurper,1
Utility,1
Utopia,1
Vacant,1
Vacuum,1
Vagabond,1
Vagrant,1
Vain,1
Valence,1
Valentine,1
Valet,1
Valhalla,1
Valiant,1
Valkyrie,1
Valley,1
Valor,1
Valve,1
Vamp,1
Vampire,1
Vanara,1
Vandal,1
Vanguard,1
Vanilla,1
Vanish,1
Vanity,1
Vanquisher,1
Vapor,1
Vapour,1
Vaquero,1
Variable,1
Variant,1
Varlet,1
Varnish,1
Vaudeville,1
Vault,1
Vector,1
Vega,1
Vegas,1
Veil,1
Velcro,1
Velocity,1
Velvet,1
Vendetta,1
Venerable,1
Vengeance,1
Venom,1
Vent,1
Venture,1
Venus,1
Vermilion,1
Vermin,1
Versatile,1
Verse,1
Vertical,1
Vertigo,1
Vespa,1
Vesper,1
Vespid,1
Vessel,1
Vesuvius,1
Vex,1
Vibrant,1
Vice,1
Vice Grip,1
Viceroy,1
Victim,1
Victor,1
Victoria,1
Victory,1
Vigil,1
Vigilant,1
Vigilante,1
Viking,1
Vindicator,1
Vindictive,1
Vine,1
Vineyard,1
Vinyl,1
Viola,1
Violent,1
Violet,1
Violin,1
Viper,1
Viral,1
Virgo,1
Virtual,1
Virtue,1
Vise,1
Vision,1
Visitor,1
Vita,1
Vital,1
Vivid,1
Vixen,1
Vlad,1
Vodka,1
Vogel,1
Voice,1
Void,1
Volcano,1
Volley,1
Volleyball,1
Voltage,1
Voodoo,1
Vorpal,1
Vortex,1
Voyager,1
Vulcan,1
Vulpes,1
Vulpine,1
Vulture,1
Waddle,1
Waddles,1
Waffle,1
Waffle House,1
Wagon,1
Waihaka,1
Wailer,1
Wak-Wak,1
Wakes,1
Waldo,1
Walker,1
Wall,1
Wall Decor,1
Wallaby,1
Wallet,1
Wallflower,1
Wallride,1
Walnut,1
Walnuts,1
Walrus,1
Waltz,1
Wanderer,1
Wanderlust,1
Wannabe,1
Wanted,1
War,1
War Paint,1
War Rabbit,1
Warbird,1
Warchest,1
Warcrime,1
Ward,1
Warden,1
Wardog,1
Wardrobe,1
Warehouse,1
Warhammer,1
Warhead,1
Warhorse,1
Warlock,1
Warlord,1
Warmaster,1
Warpath,1
Warrant,1
Warren,1
Warrior,1
Warship,1
Wasabi,1
Wash,1
Wasp,1
Wasted,1
Wasteland,1
Wastelander,1
Watchdog,1
Watcher,1
Watchman,1
Watchtower,1
Water Balloon,1
Water Bottle,1
Waterfall,1
Waterloo,1
Watermelon,1
Watson,1
Wave,1
Wavecrest,1
Waveform,1
Wavelength,1
Waxman,1
Waxwing,1
Waypoint,1
Wayward,1
Weapon,1
Weasel,1
Weatherman,1
Weaver,1
Webby,1
Webcap,1
Wedding Day,1
Wedge,1
Weed,1
Weed Killer,1
Weevil,1
Weightless,1
Weld,1
Welder,1
Welfare,1
Wellspring,1
Werewolf,1
West,1
Wetsuit,1
Whack-a-Mole,1
Whale,1
Whaler,1
Wharf,1
What?,1
Wheat,1
Wheel,1
Wheelman,1
Wheely,1
Whelk,1
Whelp,1
Whetstone,1
Whimsy,1
Whiner,1
Whiplash,1
Whirl,1
Whirlpool,1
Whirlwind,1
Whisker,1
Whiskers,1
Whiskey,1
Whisper,1
Whisperblade,1
Whisperfang,1
Whistle,1
Whistler,1
White,1
White Bread,1
White Knight,1
White Lie,1
White Rose,1
White Tiger,1
Whitecap,1
Whitefish,1
Whiteout,1
Whitewash,1
Whittle,1
Whiz Kid,1
Who,1
Whole Wheat,1
Wholesale,1
Whomp Whomp,1
Wicked,1
Wideload,1
Widget,1
Widow,1
Widowstrike,1
Wiggle,1
Wiggles,1
Wiggly,1
Wight,1
Wild,1
Wild Goose,1
Wild Thing,1
Wildcat,1
Wildchild,1
Wildebeest,1
Wildfire,1
Wildman,1
Willow,1
Willowisp,1
Willpower,1
Winch,1
Windchill,1
Windchime,1
Windclaw,1
Windfall,1
Windjammer,1
Windmill,1
Window,1
Windshear,1
Windsock,1
Windstorm,1
Windswept,1
Windy,1
Wineglass,1
Winger,1
Wingman,1
Wingnut,1
Wings,1
Wingspan,1
Wink,1
Winter,1
Wintergreen,1
Wireless,1
Wise Guy,1
Wiseman,1
Wish Maker,1
Wisp,1
Wisteria,1
Witch,1
Witch Doctor,1
Witch Hunt,1
Witchhazel,1
Withered,1
Witness,1
Wizard,1
Wobbegong,1
Wolf,1
Wolfgang,1
Wolfhound,1
Wolfman,1
Wolfpack,1
Wolfsbane,1
Wolverine,1
Wombat,1
Wonder,1
Wonderboy,1
Woodhen,1
Woodsman,1
Woody,1
Woohoo,1
Wooley,1
Woolly,1
Workhorse,1
Worldwide,1
Worm,1
Wormwood,1
Worry,1
Worrywart,1
Wound,1
Wraith,1
Wraithborn,1
Wraithcaller,1
Wrangler,1
Wrath,1
Wreath,1
Wreckage,1
Wrecker,1
Wrecking Ball,1
Wren,1
Wrench,1
Wrestler,1
Wretch,1
Wrinkles,1
Wrong Way,1
Wushu,1
Wyrm,1
Wyvern,1
X Factor,1
X-Ray,1
Xanadu,1
Xebec,1
Xena,1
Xerxes,1
Xi,1
Xuande,1
XxDeathKiller47xX,1
Xylophone,1
Yacht,1
Yahoo,1
Yak,1
Yam,1
Yamato,1
Yankee,1
Yard,1
Yardarm,1
Yearling,1
Yearn,1
Yellow,1
Yellowjacket,1
Yeoman,1
Yesterday,1
Yeti,1
Yggdrasil,1
Yide,1
Ymir,1
Yo-Yo,1
Yogi,1
Yogurt,1
Yoke,1
Yoshi,1
Young Gun,1
Yowie,1
Yuanrang,1
Yuki-Onna,1
Yukon,1
Yunchang,1
Zamboni,1
Zanzibar,1
Zap,1
Zapper,1
Zappy,1
Zealot,1
Zebra,1
Zebrafinch,1
Zebroid,1
Zebu,1
Zen,1
Zenith,1
Zephyr,1
Zephyrwolf,1
Zeppelin,1
Zero,1
ZeroDay,1
Zesty,1
Zeta,1
Zeus,1
Zhongda,1
Zhongmou,1
Ziggy,1
Zigzag,1
Zijing,1
Ziming,1
Zinger,1
Zipline,1
Zipper,1
Zippo,1
Zippy,1
Zircon,1
Zodiac,1
Zombie,1
Zookeeper,1
Zoom,1
Zoomies,1
Zorilla,1
Zorro,1
Zulfiqar,1
Zulu,1
